title,movie_id,avg_user_rating,popularity,positive_count,neutral_count,negative_count,total_reviews,genre_utama,ringkasan_film,positive_percentage,neutral_percentage,negative_percentage,rating_norm,popularity_norm,sentiment_norm,final_score
Spirited Away,129.0,9.55,41.048867,20,0,0,20,Fantasy,Seorang gadis berusia sepuluh tahun yang mengembara jauh dari orang tuanya di sepanjang jalan yang mengarah ke dunia yang dikuasai oleh binatang aneh dan tidak biasa seperti monster.Orang tuanya telah diubah menjadi babi bersama dengan orang lain di dalam pemandian yang penuh dengan makhluk-makhluk ini.Akankah dia melihat dunia seperti dulu?,100.0,0.0,0.0,1.0,0.07497670205911872,1.0,0.8149953404118238
Leon: The Professional,101.0,8.95,20.477329,20,0,0,20,Thriller,"Leon, pembunuh bayaran teratas di New York, telah mendapatkan reputasi sebagai ""pembersih"" yang efektif.Namun ketika tetangga sebelahnya dihabisi oleh agen DEA, dia terpaksa menjadi penjaga Mathilda yang berusia 12 tahun.Tak lama kemudian, pikiran Mathilda beralih ke balas dendam, dan dia mempertimbangkan untuk mengikuti jejak Leon.",100.0,0.0,0.0,0.8603568657874319,0.03740231357419808,1.0,0.7376588956085556
Life Is Beautiful,637.0,8.833333333333334,39.394969999999994,30,0,0,30,Comedy,"Sebuah kisah menyentuh tentang seorang penjual buku Italia keturunan Yahudi yang hidup dalam dongeng kecilnya sendiri.Kehidupan kreatif dan bahagianya tiba-tiba terhenti ketika seluruh keluarganya dideportasi ke kamp konsentrasi selama Perang Dunia II.Saat dikurung, dia mencoba meyakinkan putranya bahwa semua ini hanyalah permainan.",100.0,0.0,0.0,0.8332040341349884,0.0719558210539141,1.0,0.7309931812782771
Schindler's List,424.0,9.052173913043477,41.725123,21,1,1,23,Drama,Kisah nyata tentang bagaimana pengusaha Oskar Schindler menyelamatkan lebih dari seribu nyawa orang Yahudi dari Nazi saat mereka bekerja sebagai budak di pabriknya selama Perang Dunia II.,91.3,4.35,4.35,0.8841366748743544,0.07621189923588104,0.9043009569904302,0.7286010043814825
Terminator 2: Judgment Day,280.0,9.1,22.661695000000005,21,1,1,23,Action,"Nearly 10 years have passed since Sarah Connor was targeted for termination by a cyborg from the future. Now her son, John, the future leader of the resistance, is the target for a newer, more deadly terminator. Once again, the resistance has managed to send a protector back to attempt to save John and his mother Sarah.",91.3,4.35,4.35,0.8952676493405742,0.04139210843918349,0.9043009569904302,0.7272025334552528
Alien,348.0,8.991304347826087,23.37742,21,1,1,23,Horror,"Saat kembali ke bumi, pesawat ruang angkasa komersial Nostromo mencegat sinyal bahaya dari planet yang jauh.Ketika tim beranggotakan tiga orang menemukan sebuah ruangan berisi ribuan telur di planet ini, makhluk di dalam salah satu telur tersebut menyerang seorang penjelajah.Seluruh kru tidak menyadari mimpi buruk yang akan menimpa mereka ketika parasit asing yang ditanam di dalam inangnya yang malang lahir.",91.3,4.35,4.35,0.8699699800991669,0.04269939665450165,0.9043009569904302,0.7148151564776127
The Truman Show,37165.0,8.91304347826087,13.155901000000002,21,1,1,23,Comedy,"Truman Burbank is the star of ""The Truman Show"", a 24-hour-a-day ""reality"" TV show that broadcasts every aspect of his life -- live and in color -- without his knowledge. His entire life has been an unending soap opera for consumption by the rest of the world. And everyone he knows -- including his wife and his best friend -- is really an actor, paid to be part of his life.",91.3,4.35,4.35,0.8517556582453536,0.024029556518484717,0.9043009569904302,0.7019740275235027
Whiplash,244786.0,8.708695652173914,64.29999,21,1,1,23,Drama,"Di bawah arahan seorang instruktur yang kejam, seorang drummer muda berbakat mulai mengejar kesempurnaan dengan cara apa pun, bahkan kemanusiaannya.",91.3,4.35,4.35,0.804196040071508,0.11744541433102923,0.9043009569904302,0.6968773899990889
Toy Story 3,10193.0,8.834782608695651,16.96647,21,1,1,23,Animation,"Woody, Buzz, and the rest of Andy's toys haven't been played with in years. With Andy about to go to college, the gang find themselves accidentally left at a nefarious day care center. The toys must band together to escape and return home to Andy.",91.3,4.35,4.35,0.8335413363915403,0.030989648659120753,0.9043009569904302,0.6942588850247233
The Shining,694.0,8.778260869565218,19.611589,21,1,1,23,Horror,"Jack Torrance menerima pekerjaan sementara di Overlook Hotel, di mana dia, bersama istrinya Wendy dan putra mereka Danny, harus hidup terisolasi dari dunia luar selama musim dingin.Namun mereka tidak siap menghadapi kegilaan yang mengintai di dalamnya.",91.3,4.35,4.35,0.8203865483860087,0.03582101950241136,0.9043009569904302,0.6886477651906155
The Silence of the Lambs,274.0,8.826086956521738,4.307222,21,1,1,23,Crime,"FBI trainee, Clarice Starling ventures into a maximum-security asylum to pick the diseased brain of Hannibal Lecter, a psychiatrist turned homicidal cannibal. Starling needs clues to help her capture a serial killer. but her Faustian relationship with Lecter soon leads to his escape, and now two deranged killers are on the loose.",91.3,4.35,4.35,0.8315175228522276,0.007867240296704936,0.9043009569904302,0.6886224965825838
Raiders of the Lost Ark,85.0,8.704347826086956,19.901576,21,1,1,23,Adventure,"Ketika Dr. Indiana Jones – profesor berjas wol yang kebetulan adalah seorang arkeolog terkenal – dipekerjakan oleh pemerintah untuk menemukan Tabut Perjanjian yang legendaris, dia mendapati dirinya melawan seluruh rezim Nazi.",91.3,4.35,4.35,0.8031841333018517,0.036350687444282145,0.9043009569904302,0.6801524912369112
Memento,77.0,8.717391304347826,15.450789,21,1,1,23,Mystery,"Menderita kehilangan ingatan jangka pendek setelah cedera kepala, Leonard Shelby memulai pencarian suram untuk menemukan orang rendahan yang membunuh istrinya dalam film thriller rumit dan rumit yang lebih rumit daripada jerat algojo.Untuk melaksanakan rencananya, Shelby mengambil Polaroid orang dan tempat, menuliskan catatan kontekstual di belakang foto untuk membantu pencarian dan membangkitkan ingatannya.Dia bahkan menato tubuhnya sendiri dalam upaya putus asa untuk mengingatnya.",91.3,4.35,4.35,0.8062198536108207,0.02822122236482943,0.9043009569904302,0.6800444583755052
The Grand Budapest Hotel,120467.0,8.652173913043478,14.442048,21,1,1,23,Comedy,"Grand Budapest Hotel menceritakan tentang seorang pramutamu legendaris di sebuah hotel terkenal Eropa antara masa perang dan persahabatannya dengan seorang karyawan muda yang menjadi anak didik kepercayaannya.Ceritanya melibatkan pencurian dan pemulihan lukisan Renaisans yang tak ternilai harganya, perebutan kekayaan keluarga yang sangat besar, serta pergolakan perlahan dan tiba-tiba yang mengubah Eropa pada paruh pertama abad ke-20.",91.3,4.35,4.35,0.7910412520659764,0.026378733669299357,0.9043009569904302,0.6720866598639771
The Departed,1422.0,8.630434782608695,18.515448,21,1,1,23,Drama,"Untuk menjatuhkan Mafia Irlandia di Boston Selatan, polisi mengirim salah satu dari mereka untuk menyusup ke dunia bawah, tanpa menyadari bahwa sindikat tersebut telah melakukan hal yang sama.Saat seorang polisi yang menyamar menjilat gembong mafia, seorang penjahat karier naik pangkat di kepolisian.Namun kedua belah pihak segera mengetahui ada tahi lalat di antara mereka.",91.3,4.35,4.35,0.7859817182176947,0.03381889269165713,0.9043009569904302,0.6710449247443078
Ratatouille,2062.0,8.627272727272727,20.50803,20,1,1,22,Animation,"Seekor tikus bernama Remy bermimpi menjadi koki Prancis yang hebat meskipun ada keinginan keluarganya dan masalah yang jelas menjadi tikus dalam profesi yang jelas-jelas fobia terhadap hewan pengerat.Ketika takdir menempatkan Remy di selokan Paris, dia mendapati dirinya berada di lokasi ideal di bawah sebuah restoran yang dipopulerkan oleh pahlawan kulinernya, Auguste Gusteau.Terlepas dari bahaya yang terlihat jika menjadi pengunjung yang tidak diharapkan - dan tentu saja tidak diinginkan - di dapur sebuah restoran Prancis yang mewah, hasrat Remy untuk memasak segera memicu perlombaan tikus yang lucu dan mengasyikkan yang menjungkirbalikkan dunia kuliner Paris.",90.91,4.55,4.55,0.7852457860215813,0.03745838965858592,0.9000109998900011,0.6701178709095083
Die Hard,562.0,8.6,16.640522,21,1,1,23,Action,"Polisi NYPD, rencana John McClane untuk berdamai dengan istrinya yang terasing menjadi kacau ketika beberapa menit setelah dia tiba di kantornya, seluruh gedung diambil alih oleh sekelompok teroris.Dengan sedikit bantuan dari LAPD, McClane yang cerdik bertekad untuk menyelamatkan para sandera dan menjatuhkan orang-orang jahat sendirian.",91.3,4.35,4.35,0.7788983708301007,0.03039429712157976,0.9043009569904302,0.6668183319364953
The Green Mile,497.0,8.560869565217391,19.96678,21,1,1,23,Fantasy,"Kisah supernatural berlatar belakang terpidana mati di penjara Selatan, di mana raksasa lembut John Coffey memiliki kekuatan misterius untuk menyembuhkan penyakit manusia.Ketika kepala penjaga blok sel, Paul Edgecomb, mengakui hadiah ajaib Coffey, dia berusaha mati-matian untuk membantu mencegah eksekusi pria yang dihukum itu.",91.3,4.35,4.35,0.7697912099031943,0.03646978405372237,0.9043009569904302,0.6634798488594708
The Prestige,1124.0,8.565217391304348,16.94556,21,1,1,23,Drama,"Kisah misterius tentang dua penyihir yang persaingan sengitnya membawa mereka pada pertarungan seumur hidup demi supremasi -- penuh obsesi, tipu daya, dan kecemburuan dengan konsekuensi berbahaya dan mematikan.",91.3,4.35,4.35,0.7708031166728506,0.030951456061988746,0.9043009569904302,0.6628821366459522
The Dark Knight,155.0,8.4875,123.167259,26,4,2,32,Drama,"Batman raises the stakes in his war on crime. With the help of Lt. Jim Gordon and District Attorney Harvey Dent, Batman sets out to dismantle the remaining criminal organizations that plague the streets. The partnership proves to be effective, but they soon find themselves prey to a reign of chaos unleashed by a rising criminal mastermind known to the terrified citizens of Gotham as the Joker.",81.25,12.5,6.25,0.7527152831652446,0.22496783849067767,0.7937520624793752,0.6594768280245704
Birdman,194662.0,8.51304347826087,18.193263,21,1,1,23,Drama,"A fading actor best known for his portrayal of a popular superhero attempts to mount a comeback by appearing in a Broadway play. As opening night approaches, his attempts to become more altruistic, rebuild his career, and reconnect with friends and family prove more difficult than expected.",91.3,4.35,4.35,0.7586602354369754,0.03323041436038146,0.9043009569904302,0.657266487687693
Her,152601.0,8.521739130434783,13.829515,21,1,1,23,Romance,"In the not so distant future, Theodore, a lonely writer purchases a newly developed operating system designed to meet the user's every needs. To Theordore's surprise, a romantic relationship develops between him and his operating system. This unconventional love story blends science fiction and romance in a sweet tale that explores the nature of love and the ways that technology isolates and connects us all.",91.3,4.35,4.35,0.7606840489762878,0.025259928021329144,0.9043009569904302,0.6566842971895387
12 Years a Slave,76203.0,8.44,30.316249,23,1,1,25,Drama,"Di Amerika Serikat sebelum Perang Saudara, Solomon Northup, seorang pria kulit hitam bebas dari bagian utara New York, diculik dan dijual sebagai budak.Menghadapi kekejaman serta kebaikan tak terduga, Salomo berjuang tidak hanya untuk tetap hidup, namun juga untuk mempertahankan martabatnya.Di tahun kedua belas pengembaraannya yang tak terlupakan, kesempatan pertemuan Salomo dengan seorang abolisionis Kanada akan mengubah hidupnya selamanya.",92.0,4.0,4.0,0.7416602017067493,0.05537332781494446,0.9120008799912002,0.6555050304137235
The Terminator,218.0,8.478260869565217,19.293562,21,1,1,23,Action,"Di masa depan pasca-apokaliptik, superkomputer tirani yang berkuasa menteleportasi seorang pembunuh cyborg yang dikenal sebagai ""Terminator"" kembali ke tahun 1984 untuk membunuh Sarah Connor, yang putranya yang belum lahir ditakdirkan untuk memimpin pemberontak melawan hegemoni mekanis abad ke-21.Sementara itu, gerakan perlawanan manusia mengirimkan seorang pejuang tunggal untuk melindungi Sarah.Bisakah dia menghentikan mesin pembunuh yang hampir tidak bisa dihancurkan itu?",91.3,4.35,4.35,0.7505649812797246,0.0352401358540087,0.9043009569904302,0.6536208049077932
How to Train Your Dragon,10191.0,8.469565217391304,14.416681,21,1,1,23,Fantasy,"Sebagai putra seorang pemimpin Viking yang berada di titik puncak kedewasaan, Hiccup Horrendous Haddock III yang pemalu menghadapi ritual peralihan: dia harus membunuh seekor naga untuk membuktikan keberaniannya sebagai pejuang.Tapi setelah menjatuhkan seekor naga yang ditakuti, dia menyadari bahwa dia tidak ingin lagi menghancurkannya, dan malah berteman dengan binatang itu – yang dia beri nama Toothless – yang membuat ayah prajuritnya kecewa.",91.3,4.35,4.35,0.7485411677404121,0.026332400258900147,0.9043009569904302,0.650827351019115
La La Land,313369.0,8.57391304347826,19.681686,20,2,1,23,Comedy,"Mia, an aspiring actress, serves lattes to movie stars in between auditions and Sebastian, a jazz musician, scrapes by playing cocktail party gigs in dingy bars, but as success mounts they are faced with decisions that begin to fray the fragile fabric of their love affair, and the dreams they worked so hard to maintain in each other threaten to rip them apart.",86.96,8.7,4.35,0.7728269302121631,0.035949053289171855,0.8565614343856561,0.6505717060796128
Spider-Man 2,558.0,8.469565217391304,10.834506,21,1,1,23,Action,"Peter Parker is going through a major identity crisis. Burned out from being Spider-Man, he decides to shelve his superhero alter ego, which leaves the city suffering in the wake of carnage left by the evil Doc Ock. In the meantime, Parker still can't act on his feelings for Mary Jane Watson, a girl he's loved since childhood.",91.3,4.35,4.35,0.7485411677404121,0.019789475025455246,0.9043009569904302,0.6495187659724261
Black Swan,44214.0,8.450000000000001,12.989056,20,1,1,22,Drama,"A ballet dancer wins the lead in ""Swan Lake"" and is perfect for the role of the delicate White Swan - Princess Odette - but slowly loses her mind as she becomes more and more like Odile, the Black Swan.",90.91,4.55,4.55,0.7439875872769592,0.023724810278958695,0.9000109998900011,0.6467420556612717
Casino Royale,36557.0,8.295652173913044,23.065078,21,1,1,23,Adventure,"Le Chiffre, a banker to the world's terrorists, is scheduled to participate in a high-stakes poker game in Montenegro, where he intends to use his winnings to establish his financial grip on the terrorist market. M sends Bond – on his maiden mission as a 00 Agent – to attend this game and prevent Le Chiffre from winning. With the help of Vesper Lynd and Felix Leiter, Bond enters the most important poker game in his already dangerous career.",91.3,4.35,4.35,0.708064896954161,0.04212889678968079,0.9043009569904302,0.6337485149321457
12 Years a Slide,76203.0,8.0,30.316249,1,0,0,1,Drama,"In the pre-Civil War United States, Solomon Northup, a free black man from upstate New York, is abducted and sold into slavery. Facing cruelty as well as unexpected kindnesses Solomon struggles not only to stay alive, but to retain his dignity. In the twelfth year of his unforgettable odyssey, Solomon’s chance meeting with a Canadian abolitionist will forever alter his life.",100.0,0.0,0.0,0.639255236617533,0.05537332781494446,1.0,0.6307022838717554
Pirates of the Curse of the Black Pearl,22.0,7.8,47.326665,1,0,0,1,Adventure,"Jack Sparrow, seorang bajak laut abad ke-17 yang berkeliaran di Laut Karibia, berhadapan dengan bajak laut saingannya yang bertekad menjarah desa Port Royal.Ketika putri gubernur diculik, Sparrow memutuskan untuk membantu cinta gadis itu menyelamatkannya.Namun misi pelayaran mereka tidaklah sederhana.",100.0,0.0,0.0,0.5927075252133438,0.08644324485634942,1.0,0.6136424115779419
Blade Runner,78.0,7.869565217391305,96.27237400000001,21,1,1,23,Science Fiction,"Dalam film dystopian Los Angeles tahun 2019 yang dipenuhi kabut asap, pelari pedang Rick Deckard dipanggil keluar dari masa pensiunnya untuk menghentikan kuartet pengganda yang melarikan diri ke Bumi mencari pencipta mereka cara untuk memperpanjang umur pendek mereka.",91.3,4.35,4.35,0.6088980335278444,0.175843710909781,0.9043009569904302,0.6109080460430074
Harry Potter and the Prisoner of Potter,673.0,7.8,28.460276,1,0,0,1,Adventure,"Harry, Ron, dan Hermione kembali ke Hogwarts untuk menjalani tahun penuh keajaiban.Harry kembali berhadapan dengan bahaya, kali ini dalam bentuk narapidana yang melarikan diri, Sirius Black – dan meminta bantuan Profesor Lupin yang simpatik.",100.0,0.0,0.0,0.5927075252133438,0.0519833503363756,1.0,0.606750432673947
Toy Story 2,863.0,7.918181818181818,17.547693,20,1,1,22,Animation,"Andy berangkat ke Kamp Koboi, meninggalkan mainannya sendiri.Segalanya berubah menjadi lebih cepat ketika seorang kolektor mainan obsesif bernama Al McWhiggen, pemilik Al's Toy Barn menculik Woody.Mainan Andy melakukan misi penyelamatan yang berani, Buzz Lightyear menemui tandingannya, dan Woody harus memutuskan di mana dia dan hatinya sebenarnya berada.",90.91,4.55,4.55,0.620212991043092,0.03205126587016112,0.9000109998900011,0.5865200486625786
Furious 7,168259.0,7.869565217391305,27.275687,21,1,1,23,Action,Deckard Shaw berusaha membalas dendam terhadap Dominic Toretto dan keluarganya atas saudara laki-lakinya yang koma.,91.3,4.35,4.35,0.6088980335278444,0.049819671214232975,0.9043009569904302,0.5857032381038978
Dawn of the Planet of the Apes,119450.0,7.6521739130434785,75.385211,21,1,1,23,Science Fiction,"Sekelompok ilmuwan di San Francisco berjuang untuk tetap hidup setelah wabah penyakit yang memusnahkan umat manusia, sementara Caesar mencoba mempertahankan dominasi atas komunitas kera cerdasnya.",91.3,4.35,4.35,0.55830269504503,0.13769282608484174,0.9043009569904302,0.5779801998366125
Ocean's Eleven,161.0,7.826086956521739,12.114932,21,1,1,23,Thriller,"Kurang dari 24 jam setelah pembebasan bersyaratnya, pencuri karismatik Danny Ocean sudah meluncurkan rencana berikutnya: Dalam satu malam, kru spesialis pilihan Danny akan berusaha mencuri lebih dari $150 juta dari tiga kasino Las Vegas.Namun demi mendapatkan uang, Danny mempertaruhkan peluangnya untuk berdamai dengan mantan istrinya, Tess.",91.3,4.35,4.35,0.5987789658312814,0.022128202637858026,0.9043009569904302,0.5751054105403413
Kill Bill: Vol. 2,393.0,7.773913043478261,21.533072,21,1,1,23,Action,"Mempelai Wanita dengan teguh terus melakukan aksi balas dendamnya terhadap sekelompok pembunuh yang mencoba membunuh dia dan bayinya yang belum lahir.Dia mengunjungi masing-masing mantan rekannya satu per satu, memeriksa para korban di Daftar Lima Kematiannya sampai tidak ada lagi yang bisa dilakukan… selain membunuh Bill.",91.3,4.35,4.35,0.5866360845954062,0.03933065250647604,0.9043009569904302,0.5724744598961273
Shrek,808.0,7.782608695652174,17.987728,21,1,1,23,Adventure,"Menjadi ramah lingkungan tidaklah mudah -- terutama jika Anda adalah ogre yang disukai (walaupun bau) bernama Shrek.Dalam misi untuk mengambil putri cantik dari cengkeraman naga yang bernapas api, Shrek bekerja sama dengan rekan senegaranya yang tak terduga -- seekor keledai yang cerdik.",91.3,4.35,4.35,0.5886598981347186,0.03285499994376136,0.9043009569904302,0.5721912361532407
Mission: Impossible - Ghost Protocol,56292.0,7.78695652173913,14.25843,21,1,1,23,Action,"Dalam seri ke-4 Mission Impossible, Ethan Hunt (Cruise) dan timnya berpacu dengan waktu untuk melacak seorang teroris berbahaya bernama Hendricks (Nyqvist), yang telah memperoleh akses ke kode peluncuran nuklir Rusia dan merencanakan serangan ke Amerika Serikat.Upaya untuk menghentikannya berakhir dengan ledakan yang menyebabkan kehancuran parah pada Kremlin dan IMF yang terlibat dalam pemboman tersebut, memaksa Presiden untuk mengingkarinya.Tidak lagi dibantu oleh pemerintah, Ethan dan timnya mengejar Hendricks ke seluruh dunia, meski mereka mungkin masih terlambat untuk menghentikan bencana.",91.3,4.35,4.35,0.5896718049043748,0.026043351158530154,0.9043009569904302,0.5713348597810224
Reservoir Dogs,500.0,7.791304347826086,12.220339999999998,21,1,1,23,Crime,"Perampokan yang gagal ditunjukkan oleh seorang informan polisi, dan tekanan meningkat setelah kejadian di sebuah gudang.Kejahatan melahirkan kekerasan ketika para penyintas -- veteran Mr. White, pendatang baru Mr. Orange, psikopat parolee Mr. Blonde, tukang cekcok Mr. Pink dan Nice Guy Eddie -- terungkap.",91.3,4.35,4.35,0.5906837116740311,0.02232073278030136,0.9043009569904302,0.5710962894902049
Star Wars: Episode III - Revenge of the Sith,1895.0,7.782608695652174,13.165421,21,1,1,23,Science Fiction,"Bertahun-tahun setelah dimulainya Perang Klon, para Ksatria Jedi yang mulia memimpin pasukan kloning dalam jumlah besar ke dalam pertempuran di seluruh galaksi melawan Separatis.Ketika Sith yang jahat mengungkap rencana seribu tahun untuk menguasai galaksi, Republik runtuh dan dari abunya bangkitlah Kekaisaran Galaksi yang jahat.Pahlawan Jedi Anakin Skywalker tergoda oleh sisi gelap the Force untuk menjadi murid baru Kaisar – Darth Vader.Jedi hancur, karena Obi-Wan Kenobi dan Jedi Master Yoda terpaksa bersembunyi.Satu-satunya harapan bagi galaksi adalah keturunan Anakin sendiri – anak kembar yang lahir secara rahasia yang akan tumbuh menjadi pahlawan.",91.3,4.35,4.35,0.5886598981347186,0.024046945017991966,0.9043009569904302,0.5704296251680868
The Godfather,238.0,8.036363636363635,41.109264,26,5,2,33,Drama,"Spanning the years 1945 to 1955, a chronicle of the fictional Italian-American Corleone crime family. When organized crime family patriarch, Vito Corleone barely survives an attempt on his life, his youngest son, Michael steps in to take care of the would-be killers, launching a campaign of bloody revenge.",78.79,15.15,6.06,0.64771845687284,0.07508701857222162,0.7666923330766694,0.5688843320738652
The Fifth Element,18.0,7.726086956521739,24.30526,21,1,1,23,Adventure,"Pada tahun 2257, seorang sopir taksi secara tidak sengaja diberi tugas untuk menyelamatkan seorang gadis muda yang merupakan bagian dari kunci yang akan menjamin kelangsungan hidup umat manusia.",91.3,4.35,4.35,0.5755051101291868,0.04439411780815816,0.9043009569904302,0.567921665723354
Fight Club,550.0,7.948484848484849,63.869598999999994,26,4,3,33,Drama,"Penderita insomnia yang seperti bom waktu dan penjual sabun yang licik menyalurkan agresi pria yang paling mendasar ke dalam bentuk terapi baru yang mengejutkan.Konsep mereka semakin populer, dengan terbentuknya ""klub pertarungan"" bawah tanah di setiap kota, hingga sebuah hal eksentrik menghalangi dan menyulut spiral tak terkendali menuju terlupakan.",78.79,12.12,9.09,0.6272656745891814,0.11665929524579537,0.7666923330766694,0.5669723962667506
Star Trek,13475.0,7.739130434782608,15.362632,21,1,1,23,Science Fiction,"The fate of the galaxy rests in the hands of bitter rivals. One, James Kirk, is a delinquent, thrill-seeking Iowa farm boy. The other, Spock, a Vulcan, was raised in a logic-based society that rejects all emotion. As fiery instinct clashes with calm reason, their unlikely but powerful partnership is the only thing capable of leading their crew through unimaginable danger, boldly going where no one has gone before. The human adventure has begun again.",91.3,4.35,4.35,0.5785408304381556,0.02806020157165076,0.9043009569904302,0.5661727426305371
Catch Me If You Can,640.0,7.665217391304348,19.833077,21,1,1,23,Drama,"Kisah nyata tentang Frank Abagnale Jr. yang, sebelum ulang tahunnya yang ke-19, berhasil menipu cek senilai jutaan dolar sebagai pilot Pan Am, dokter, dan jaksa penuntut hukum.Seorang agen FBI menjalankan misinya untuk memenjarakannya.Tapi Frank tidak hanya menghindari penangkapan, dia juga senang mengejar.",91.3,4.35,4.35,0.5613384153539989,0.0362255724413675,0.9043009569904302,0.5592046092624019
Wreck-It Ralph,82690.0,7.695454545454546,13.697597,20,1,1,22,Family,"Wreck-It Ralph adalah penjahat setinggi 9 kaki dan berat 643 pon dari video game arcade bernama Fix-It Felix Jr., di mana pahlawan utama game tersebut memperbaiki bangunan yang dihancurkan Ralph.Ingin membuktikan bahwa dia bisa menjadi orang baik dan bukan hanya penjahat, Ralph lolos dari permainannya dan mendarat di Hero's Duty, penembak orang pertama di mana dia membantu pahlawan permainan tersebut bertarung melawan penjajah asing.Dia kemudian memasuki Sugar Rush, permainan balap kart dengan trek yang terbuat dari permen, kue, dan manisan lainnya.Di sana, Ralph bertemu Vanellope von Schweetz yang mengetahui bahwa permainannya dihadapkan pada ancaman mengerikan yang dapat memengaruhi seluruh arcade, dan ancaman yang mungkin dimulai oleh Ralph secara tidak sengaja.",90.91,4.55,4.55,0.5683757669793359,0.02501897675263189,0.9000109998900011,0.5591949788071947
Kill fell,24.0,7.4,25.261865,1,0,0,1,Action,"Seorang pembunuh ditembak di altar oleh majikannya yang kejam, Bill dan anggota lingkaran pembunuhan lainnya – namun 'The Bride' hidup untuk merencanakan balas dendamnya.Bersiap untuk mendapatkan balasan, dia membuat daftar kematian dan memburu orang-orang yang bersalah padanya, menyelamatkan Bill untuk yang terakhir.",100.0,0.0,0.0,0.49961210240496534,0.046141378897563215,1.0,0.5590343269819954
V for Vendetta,752.0,7.608695652173913,20.214422,21,1,1,23,Action,"Di dunia di mana Inggris telah menjadi negara fasis, seorang main hakim sendiri bertopeng yang hanya dikenal sebagai 'V' melakukan perang gerilya melawan pemerintah Inggris yang menindas.Ketika 'V' menyelamatkan seorang wanita muda dari polisi rahasia, dia menemukan sekutu yang dengannya dia dapat melanjutkan perjuangannya untuk membebaskan rakyat Inggris.",91.3,4.35,4.35,0.548183627348467,0.03692210787672397,0.9043009569904302,0.5527665223467074
Fury,228150.0,7.556521739130435,36.713807,21,1,1,23,War,"Bulan-bulan terakhir Perang Dunia II pada bulan April 1945. Saat Sekutu melakukan serangan terakhir mereka di Teater Eropa, seorang sersan Angkatan Darat AS yang tangguh dalam pertempuran di Divisi Lapis Baja ke-2 bernama Wardaddy memerintahkan sebuah tank Sherman bernama ""Fury"" dan lima awaknya dalam misi mematikan di belakang garis musuh.Kalah jumlah dan persenjataan, Wardaddy dan anak buahnya menghadapi rintangan besar dalam upaya heroik mereka untuk menyerang jantung Nazi Jerman.",91.3,4.35,4.35,0.5360407461125916,0.06705861501353953,0.9043009569904302,0.5527223831561326
21 Jump Street,64688.0,7.586956521739131,11.250764000000002,21,1,1,23,Action,"In high school, Schmidt was a dork and Jenko was the popular jock. After graduation, both of them joined the police force and ended up as partners riding bicycles in the city park. Since they are young and look like high school students, they are assigned to an undercover unit to infiltrate a drug ring that is supplying high school students synthetic drugs.",91.3,4.35,4.35,0.5431240935001858,0.020549779860317675,0.9043009569904302,0.5469622898192855
Men in Black,607.0,7.654545454545455,15.781024,19,2,1,22,Action,"Men in Black mengikuti eksploitasi agen Kay dan Jay, anggota organisasi rahasia yang didirikan untuk memantau dan mengawasi aktivitas alien di Bumi.Kedua Men in Black mendapati diri mereka berada di tengah plot mematikan teroris antargalaksi yang tiba di Bumi untuk membunuh dua duta besar dari galaksi berlawanan.Untuk mencegah dunia bertabrakan, MiB harus melacak teroris dan mencegah kehancuran Bumi.Ini hanyalah hari-hari biasa bagi Men in Black.",86.36,9.09,4.55,0.5588546441921154,0.02882440420671786,0.8499615003849962,0.5401806530529001
Eternal Sunshine of the Spotless Mind,38.0,7.717391304347826,12.906327,19,3,1,23,Science Fiction,"Joel Barish, yang patah hati karena pacarnya menjalani prosedur untuk menghapusnya dari ingatannya, memutuskan untuk melakukan hal yang sama.Namun, saat dia melihat ingatannya tentang wanita itu memudar, dia menyadari bahwa dia masih mencintainya, dan mungkin sudah terlambat untuk memperbaiki kesalahannya.",82.61,13.04,4.35,0.5734812965898743,0.02357370385293605,0.8087119128808713,0.5340689629297858
The Matrix,603.0,7.818181818181818,33.366332,25,5,3,33,Action,"Berlatar abad ke-22, The Matrix bercerita tentang seorang peretas komputer yang bergabung dengan sekelompok pemberontak bawah tanah melawan komputer besar dan kuat yang kini menguasai bumi.",75.76,15.15,9.09,0.5969391353409974,0.060944374741686264,0.7333626663733364,0.5306672425308367
Inception,27205.0,7.828125,29.108149,24,5,3,32,Action,"Cobb, seorang pencuri terampil yang melakukan spionase perusahaan dengan menyusup ke alam bawah sadar targetnya, ditawari kesempatan untuk mendapatkan kembali kehidupan lamanya sebagai pembayaran atas tugas yang dianggap mustahil: ""inception"", penanaman ide orang lain ke dalam alam bawah sadar target.",75.0,15.62,9.38,0.5992532971295579,0.053166705309197315,0.7250027499725004,0.5277608146183684
Interstellar,157336.0,7.8,32.213481,24,5,3,32,Adventure,Interstellar mengisahkan petualangan sekelompok penjelajah yang memanfaatkan lubang cacing yang baru ditemukan untuk melampaui batasan perjalanan ruang angkasa manusia dan menaklukkan jarak yang sangat jauh dalam perjalanan antarbintang.,75.0,15.62,9.38,0.5927075252133438,0.058838665808342086,0.7250027499725004,0.5256223207600904
Django Unchained,68718.0,7.734375,19.785025,24,5,3,32,Drama,"Dengan bantuan seorang pemburu bayaran asal Jerman, seorang budak yang dibebaskan berangkat untuk menyelamatkan istrinya dari pemilik perkebunan Mississippi yang brutal.",75.0,15.62,9.38,0.5774340574088441,0.03613780435540926,0.7250027499725004,0.513445414567254
The Avengers,24428.0,7.657575757575757,89.887648,23,7,3,33,Science Fiction,"Ketika musuh tak terduga muncul dan mengancam keselamatan dan keamanan global, Nick Fury, direktur badan penjaga perdamaian internasional yang dikenal sebagai S.H.I.E.L.D., mendapati dirinya membutuhkan tim untuk menarik dunia kembali dari ambang bencana.Mencakup seluruh dunia, upaya perekrutan yang berani dimulai!",69.7,21.21,9.09,0.5595599125467241,0.16418186165505952,0.6667033329666704,0.5126273284943751
Drive,64690.0,7.478260869565218,15.388874999999999,19,3,1,23,Drama,A Hollywood stunt performer who moonlights as a wheelman for criminals discovers that a contract has been put on him after a heist gone wrong.,82.61,13.04,4.35,0.5178264242587785,0.02810813501624833,0.8087119128808713,0.5071484129969003
Rise of the Planet of the Apes,61791.0,7.378260869565217,41.613762,19,3,1,23,Thriller,"Scientist Will Rodman is determined to find a cure for Alzheimer's, the disease which has slowly consumed his father. Will feels certain he is close to a breakthrough and tests his latest serum on apes, noticing dramatic increases in intelligence and brain activity in the primate subjects – especially Caesar, his pet chimpanzee.",82.61,13.04,4.35,0.4945525685566836,0.07600849580167648,0.8087119128808713,0.5050915573029385
The Empire Strikes Back,1891.0,7.630303030303031,19.470959,25,5,3,33,Adventure,"The epic saga continues as Luke Skywalker, in hopes of defeating the evil Galactic Empire, learns the ways of the Jedi from aging master Yoda. But Darth Vader is more determined than ever to capture Luke. Meanwhile, rebel leader Princess Leia, cocky Han Solo, Chewbacca, and droids C-3PO and R2-D2 are thrown into various stages of capture, betrayal and despair.",75.76,15.15,9.09,0.5532124973552439,0.0355641555648373,0.7333626663733364,0.5037278797025904
Guardians of the Galaxy,118340.0,7.606060606060606,53.291601,24,6,3,33,Action,"Light years from Earth, 26 years after being abducted, Peter Quill finds himself the prime target of a manhunt after discovering an orb wanted by Ronan the Accuser.",72.73,18.18,9.09,0.5475703505183724,0.09733833799676939,0.7000329996700034,0.5032627427595412
Star Wars,11.0,7.584848484848485,42.149697,24,6,3,33,Adventure,Putri Leia ditangkap dan disandera oleh pasukan Kekaisaran jahat dalam upaya mereka mengambil alih Kekaisaran galaksi.Luke Skywalker yang petualang dan tim kapten gagah Han Solo bersama dengan duo robot cantik R2-D2 dan C-3PO untuk menyelamatkan putri cantik dan memulihkan perdamaian dan keadilan di Kekaisaran.,72.73,18.18,9.09,0.5426334720361099,0.0769873934364895,0.7000329996700034,0.4967241146063539
Looper,59967.0,7.3478260869565215,12.727269000000001,19,3,1,23,Action,"Dalam film thriller aksi futuristik Looper, perjalanan waktu akan ditemukan tetapi ilegal dan hanya tersedia di pasar gelap.Ketika massa ingin menyingkirkan seseorang, mereka akan mengirimkan target mereka 30 tahun ke masa lalu di mana seorang looper, senjata sewaan, seperti Joe sedang menunggu untuk membersihkan.Joe semakin kaya dan kehidupannya baik sampai suatu hari gerombolan massa memutuskan untuk menutup lingkaran itu, mengirim kembali masa depan Joe untuk dibunuh.",82.61,13.04,4.35,0.48746922116908964,0.023246650287308976,0.8087119128808713,0.49099751450626805
The Lord of the Rings: The Two Towers,121.0,7.503125,29.423537,24,5,3,32,Adventure,"Frodo and Sam are trekking to Mordor to destroy the One Ring of Power while Gimli, Legolas and Aragorn search for the orc-captured Merry and Pippin. All along, nefarious wizard Saruman awaits the Fellowship members at the Orthanc Tower in Isengard.",75.0,15.62,9.38,0.5236132660977502,0.053742768763251264,0.7250027499725004,0.49005601179327546
Up,14160.0,7.503030303030303,19.330884,25,5,3,33,Animation,"Carl Fredricksen spent his entire life dreaming of exploring the globe and experiencing life to its fullest. But at age 78, life seems to have passed him by, until a twist of fate (and a persistent 8-year old Wilderness Explorer named Russell) gives him a new lease on life.",75.76,15.15,9.09,0.5235912264616687,0.035308305347560145,0.7333626663733364,0.48886607421234723
The Bourne Identity,2501.0,7.3545454545454545,21.040126,26,6,1,33,Action,"Terluka di ambang kematian dan menderita amnesia, Jason Bourne diselamatkan di laut oleh seorang nelayan.Karena tidak punya apa-apa selain nomor rekening bank Swiss, dia mulai merekonstruksi hidupnya, namun mendapati banyak orang yang dia temui menginginkan dia mati.Namun, Bourne menyadari bahwa dia memiliki keterampilan tempur dan mental seperti mata-mata kelas dunia – tetapi untuk siapa dia bekerja?",78.79,18.18,3.03,0.4890330770858313,0.03843027527138124,0.7666923330766694,0.48221029352019273
Back to the Future,105.0,7.50909090909091,25.778509,24,6,3,33,Adventure,"Remaja tahun delapan puluhan Marty McFly secara tidak sengaja dikirim kembali ke tahun 1955, secara tidak sengaja mengganggu pertemuan pertama orang tuanya dan menarik minat romantis ibunya.Marty harus memperbaiki kerusakan sejarah dengan menghidupkan kembali kisah cinta orangtuanya dan - dengan bantuan teman penemunya yang eksentrik, Doc Brown - kembali ke tahun 1985.",72.73,18.18,9.09,0.5250017631708868,0.04708504107607429,0.7000329996700034,0.4819277897016593
Edward Scissorhands,162.0,7.348484848484849,17.612244,26,6,1,33,Fantasy,Sebuah kota kecil di pinggiran kota menerima kunjungan dari eksperimen sains terbuang yang belum selesai bernama Edward.,78.79,18.18,3.03,0.48762254037661346,0.03216916976004481,0.7666923330766694,0.4802528040633165
The Imitation Game,205596.0,7.527272727272727,31.595939999999995,23,7,3,33,History,"Based on the real life story of legendary cryptanalyst Alan Turing, the film portrays the nail-biting race against time by Turing and his brilliant team of code-breakers at Britain's top-secret Government Code and Cypher School at Bletchley Park, during the darkest days of World War II.",69.7,21.21,9.09,0.5292333732985401,0.05771071293289998,0.6667033329666704,0.4761698291258512
Deadpool,293660.0,7.228125,187.860492,20,7,5,32,Action,"Deadpool tells the origin story of former Special Forces operative turned mercenary Wade Wilson, who after being subjected to a rogue experiment that leaves him with accelerated healing powers, adopts the alter ego Deadpool. Armed with his new abilities and a dark, twisted sense of humor, Deadpool hunts down the man who nearly destroyed his life.",62.5,21.88,15.62,0.4596101629169902,0.3431315202284013,0.5875041249587505,0.47468262299180053
Return of the Jedi,1892.0,7.321739130434783,14.586086999999997,18,4,1,23,Adventure,"Saat para pemimpin Pemberontak memetakan strategi mereka untuk menyerang Death Star milik Kaisar yang lebih baru dan lebih besar.Han Solo tetap membeku di benteng gurun besar Jabba the Hutt, penjahat paling menjijikkan di alam semesta, yang juga menjadikan Putri Leia sebagai budak perempuan.Luke Skywalker, yang sekarang menguasai Force, menyelamatkan teman-temannya, tetapi dia tidak bisa menjadi Jedi Knight sejati sampai dia melakukan pertempuran penting melawan Darth Vader, yang telah bersumpah untuk memenangkan Luke ke sisi gelap Force.",78.26,17.39,4.35,0.481397780551152,0.026641824223976377,0.7608623913760864,0.47428597253319715
The Dark Knight Rises,49026.0,7.536363636363636,20.58258,23,6,4,33,Action,"Menyusul kematian Jaksa Wilayah Harvey Dent, Batman memikul tanggung jawab atas kejahatan Dent untuk melindungi reputasi mendiang pengacara dan kemudian diburu oleh Departemen Kepolisian Kota Gotham.Delapan tahun kemudian, Batman bertemu dengan Selina Kyle yang misterius dan Bane yang jahat, seorang pemimpin teroris baru yang mengalahkan yang terbaik di Gotham.Ksatria Kegelapan muncul kembali untuk melindungi kota yang mencapnya sebagai musuh.",69.7,18.18,12.12,0.531349178362367,0.03759455695252139,0.6667033329666704,0.4732045004616889
Avatar,19995.0,7.1878787878787875,185.070892,21,7,5,33,Action,"Pada abad ke-22, seorang Marinir yang lumpuh dikirim ke bulan Pandora dalam misi unik, namun terpecah antara mengikuti perintah dan melindungi peradaban alien.",63.64,21.21,15.15,0.45024331758234015,0.33803625150724226,0.6000439995600044,0.47274210896061986
Big Hero 6,177572.0,7.0606060606060606,213.849907,21,8,4,33,Adventure,"Ikatan khusus yang berkembang antara robot tiup berukuran plus Baymax, dan keajaiban Hiro Hamada, yang bekerja sama dengan sekelompok teman untuk membentuk sekelompok pahlawan teknologi tinggi.",63.64,24.24,12.12,0.4206220466887651,0.39060178597643747,0.6000439995600044,0.4684445804076714
The Lion King,8587.0,7.478787878787879,21.605761,23,7,3,33,Family,Seekor anak singa muda bernama Simba tidak sabar menjadi raja.Namun pamannya mendambakan gelar itu untuk dirinya sendiri dan tidak akan berhenti untuk mendapatkannya.,69.7,21.21,9.09,0.5179490796247974,0.03946342064100154,0.6667033329666704,0.4668782238306002
Gone Girl,210577.0,7.121212121212121,154.801009,22,8,3,33,Mystery,"Ketika hilangnya istrinya menjadi fokus sirkus media yang intens, seorang pria melihat sorotan tertuju padanya ketika ada kecurigaan bahwa dia mungkin tidak bersalah.",66.67,24.24,9.09,0.4347274137809438,0.28274761226038114,0.6333736662633375,0.4639253292215494
Back to the Future Part II,165.0,7.252380952380953,13.689854999999998,16,4,1,21,Adventure,"Marty dan Doc kembali terlibat dalam sekuel aneh blockbuster tahun 1985 ini, saat duo penjelajah waktu ini menuju tahun 2015 untuk mengatasi masalah keluarga McFly sejak awal.Namun segalanya menjadi kacau karena pengganggu Biff Tannen dan almanak olahraga yang menyebalkan.Dalam upaya terakhirnya untuk meluruskan keadaan, Marty mendapati dirinya terikat pada tahun 1955 dan berhadapan langsung dengan orang tuanya yang masih remaja -- lagi.",76.19,19.05,4.76,0.46525545827330195,0.02500483581112084,0.7380926190738093,0.4590564820210179
The Fault in Our Stars,222935.0,7.269565217391304,16.274653,17,5,1,23,Romance,"Meskipun keajaiban medis yang mampu mengecilkan tumor telah memberinya waktu beberapa tahun, Hazel tetap berada dalam tahap terminal, babak terakhirnya tertulis setelah diagnosis.Namun ketika seorang pasien bernama Augustus Waters tiba-tiba muncul di Cancer Kid Support Group, kisah Hazel akan ditulis ulang sepenuhnya.",73.91,21.74,4.35,0.46925489931527653,0.029726028957060925,0.7130128698713013,0.4544765164104408
Pulp Fiction,680.0,7.239393939393939,140.950236,20,7,6,33,Thriller,"Seorang pembunuh bayaran pencinta burger, rekan filosofisnya, seorang gangster yang kecanduan narkoba, dan seorang petinju yang sudah tua berkumpul dalam aksi kejahatan komedi yang luas ini.Petualangan mereka terungkap dalam tiga cerita yang dengan cerdik berjalan bolak-balik dalam waktu.",60.61,21.21,18.18,0.46223287961069204,0.257448856011896,0.5667143328566715,0.45262051086472666
Guardians of the Galaxy Vol. 2,283995.0,7.040625,185.330992,20,8,4,32,Action,The Guardians must fight to keep their newfound family together as they unravel the mysteries of Peter Quill's true parentage.,62.5,25.0,12.5,0.4159716834755627,0.33851133015449403,0.5875041249587505,0.4519393452563053
The Hateful Eight,273248.0,7.230434782608696,20.328822,17,5,1,23,Crime,Pemburu hadiah mencari perlindungan dari badai salju yang mengamuk dan terjebak dalam rencana pengkhianatan dan penipuan.,73.91,21.74,4.35,0.46014773838836986,0.03713106211450021,0.7130128698713013,0.4514039425784753
Mad Max: Fury Road,76341.0,7.290909090909091,29.36178,23,6,4,33,Action,"Sebuah kisah apokaliptik yang terjadi di wilayah terjauh di planet kita, di lanskap gurun yang tandus di mana umat manusia hancur, dan hampir semua orang tergila-gila memperjuangkan kebutuhan hidup.Di dunia ini ada dua pemberontak dalam pelarian yang mungkin bisa memulihkan ketertiban.Ada Max, pria yang suka bertindak dan tidak banyak bicara, yang mencari ketenangan pikiran setelah kehilangan istri dan anaknya setelah kekacauan terjadi.Dan Furiosa, seorang wanita yang penuh aksi dan seorang wanita yang percaya bahwa jalan hidupnya dapat tercapai jika dia berhasil melintasi gurun kembali ke tanah air masa kecilnya.",69.7,18.18,12.12,0.4742224416390437,0.05362996817879019,0.6667033329666704,0.44784821434528105
Se7en,807.0,7.303125,18.45743,22,7,3,32,Crime,"Two homicide detectives are on a desperate hunt for a serial killer whose crimes are based on the ""seven deadly sins"" in this dark and haunting film that takes viewers from the tortured remains of one victim to the next. The seasoned Det. Sommerset researches each sin in an effort to get inside the killer's mind, while his novice partner, Mills, scoffs at his efforts to unravel the case.",68.75,21.88,9.38,0.47706555469356093,0.033712921476907985,0.6562534374656254,0.4421513928818497
The Wolf of Wall Street,106646.0,7.371875,16.382422,21,8,3,32,Crime,"Seorang pialang saham New York menolak untuk bekerja sama dalam kasus penipuan sekuritas besar yang melibatkan korupsi di Wall Street, dunia perbankan korporat, dan infiltrasi massa.Berdasarkan otobiografi Jordan Belfort.",65.62,25.0,9.38,0.49306633048875104,0.02992287152044298,0.6218237817621824,0.43906487407711886
Inside Out,150540.0,7.381818181818182,23.985587,21,8,4,33,Drama,"Growing up can be a bumpy road, and it's no exception for Riley, who is uprooted from her Midwest life when her father starts a new job in San Francisco. Like all of us, Riley is guided by her emotions - Joy, Fear, Anger, Disgust and Sadness. The emotions live in Headquarters, the control center inside Riley's mind, where they help advise her through everyday life. As Riley and her emotions struggle to adjust to a new life in San Francisco, turmoil ensues in Headquarters. Although Joy, Riley's main and most important emotion, tries to keep things positive, the emotions conflict on how best to navigate a new city, house and school.",63.64,24.24,12.12,0.4953804922773115,0.043810227702802886,0.6000439995600044,0.4364654915472177
Harry Potter and the Prisoner of Azkaban,673.0,7.203125,28.460276,22,5,5,32,Adventure,"Harry, Ron, dan Hermione kembali ke Hogwarts untuk menjalani tahun penuh keajaiban.Harry kembali berhadapan dengan bahaya, kali ini dalam bentuk narapidana yang melarikan diri, Sirius Black – dan meminta bantuan Profesor Lupin yang simpatik.",68.75,15.62,15.62,0.4537916989914663,0.0519833503363756,0.6562534374656254,0.4341685508026959
Harry Potter and the Deathly Hallows: Part 2,12445.0,7.224242424242425,24.990737,22,6,5,33,Family,"Harry, Ron dan Hermione melanjutkan upaya mereka untuk mengalahkan kejahatan Voldemort untuk selamanya.Ketika segala sesuatunya mulai terlihat tidak ada harapan lagi bagi para penyihir muda, Harry menemukan tiga benda ajaib yang memberinya kekuatan untuk menyaingi keterampilan hebat Voldemort.",66.67,18.18,15.15,0.45870653783764737,0.04564615735403353,0.6333736662633375,0.4284946002686316
Kick-Ass,23483.0,7.056521739130435,0.0,17,5,1,23,Action,"Dave Lizewski adalah seorang siswa sekolah menengah dan penggemar buku komik yang suatu hari memutuskan untuk menjadi pahlawan super, meskipun ia tidak memiliki kekuatan, pelatihan atau alasan yang berarti untuk melakukannya.",73.91,21.74,4.35,0.4196714676021185,0.0,0.7130128698713013,0.4237395947624496
X-Men,36657.0,7.039130434782609,0.954467,17,5,1,23,Adventure,"Dua mutan, Rogue dan Wolverine, datang ke akademi swasta untuk jenis mereka yang tim pahlawan supernya, X-Men, harus melawan organisasi teroris dengan kekuatan serupa.",73.91,21.74,4.35,0.4156238405234933,0.001743355983108154,0.7130128698713013,0.42206445241975865
WALL·E,10681.0,7.275757575757575,16.088366,21,8,4,33,Animation,"WALL·E adalah robot terakhir yang tersisa di Bumi yang dipenuhi sampah dan semua manusia telah melarikan diri ke luar angkasa.Selama 700 tahun dia terus berusaha membereskan kekacauan tersebut, namun dia telah mengembangkan beberapa sifat mirip manusia yang menarik.Ketika sebuah kapal tiba dengan robot jenis baru yang ramping, WALL·E berpikir dia akhirnya menemukan seorang teman dan bersembunyi di kapal ketika kapal itu berangkat.",63.64,24.24,12.12,0.47069609986599903,0.02938577145625129,0.6000439995600044,0.4212384040922511
Forrest Gump,13.0,7.254545454545455,48.307194,20,7,6,33,Comedy,"Seorang pria dengan IQ rendah telah mencapai hal-hal besar dalam hidupnya dan hadir dalam peristiwa-peristiwa bersejarah yang penting - dalam setiap kasus, jauh melebihi apa yang dibayangkan oleh siapa pun.Namun, terlepas dari semua hal yang telah ia capai, satu-satunya cinta sejatinya masih luput dari perhatiannya.'Forrest Gump' adalah kisah tentang seorang pria yang berhasil mengatasi tantangannya, dan yang membuktikan bahwa tekad, keberanian, dan cinta lebih penting daripada kemampuan.",60.61,21.21,18.18,0.4657592213837367,0.08823420368338175,0.5667143328566715,0.42054075128554613
Iron Man,1726.0,7.245454545454545,22.073099,21,7,5,33,Action,"Setelah ditawan di sebuah gua Afghanistan, insinyur miliarder Tony Stark menciptakan baju zirah yang dipersenjatai unik untuk melawan kejahatan.",63.64,21.21,15.15,0.4636434163199097,0.04031702427364028,0.6000439995600044,0.41989831288268425
Donnie Darko,141.0,7.06969696969697,18.303148,23,9,1,33,Fantasy,"Setelah nyaris lolos dari kecelakaan aneh, seorang remaja bermasalah diganggu oleh penampakan seekor kelinci besar yang memanipulasi dirinya untuk melakukan serangkaian kejahatan.",69.7,27.27,3.03,0.42273785175259215,0.03343112184655315,0.6667033329666704,0.4180661501356079
Split,381288.0,6.931818181818182,28.920839,16,5,1,22,Horror,"Meskipun Kevin telah membuktikan 23 kepribadiannya kepada psikiater kepercayaannya, Dr. Fletcher, masih ada satu kepribadian yang akan terwujud dan mendominasi kepribadian lainnya.Dipaksa untuk menculik tiga gadis remaja yang dipimpin oleh Casey yang keras kepala dan jeli, Kevin mencapai perang untuk bertahan hidup di antara semua orang yang ada di dalam dirinya — serta semua orang di sekitarnya — saat dinding di antara kompartemennya hancur berantakan.",72.73,22.73,4.55,0.39064814161788575,0.05282457927529988,0.7000329996700034,0.4158988865650039
Zombieland,19908.0,6.984848484848484,11.063029,24,8,1,33,Comedy,"Columbus mempunyai kebiasaan lari dari apa yang membuatnya takut.Tallahassee tidak memiliki rasa takut.Jika dia melakukannya, dia akan menghajar mereka yang masih hidup.Di dunia yang dipenuhi zombie, keduanya adalah penyintas yang berevolusi dengan sempurna.Namun kini, mereka menghadapi prospek yang paling menakutkan: satu sama lain.",72.73,24.24,3.03,0.40299033782354177,0.020206877554120803,0.7000329996700034,0.4155464443235961
Captain America: Civil War,271110.0,6.903030303030303,145.882135,20,7,6,33,Adventure,"Setelah peristiwa Age of Ultron, pemerintahan kolektif di dunia mengeluarkan undang-undang yang dirancang untuk mengatur semua aktivitas manusia super.Hal ini menimbulkan polarisasi pendapat di kalangan Avengers, menyebabkan dua faksi memihak Iron Man atau Captain America, yang menyebabkan pertempuran epik antara mantan sekutu.",60.61,21.21,18.18,0.383948092249101,0.2664570832525813,0.5667143328566715,0.41527976263206823
Harry Potter and the Sorcerer's Stone,671.0,7.163333333333333,38.187238,19,6,5,30,Adventure,"Harry Potter tinggal di bawah tangga di rumah bibi dan pamannya sepanjang hidupnya.Namun pada ulang tahunnya yang ke-11, dia mengetahui bahwa dia adalah seorang penyihir yang kuat -- dan tempat menunggunya di Sekolah Sihir Hogwarts.Saat dia belajar memanfaatkan kekuatan barunya dengan bantuan kepala sekolah yang baik hati, Harry mengungkap kebenaran tentang kematian orang tuanya -- dan tentang penjahat yang harus disalahkan.",63.33,20.0,16.67,0.44453064391000785,0.06974987070865211,0.5966340336596635,0.4152055061946334
Intouchables,77338.0,7.212121212121212,16.086919,21,8,4,33,Drama,A true story of two men who should never have met – a quadriplegic aristocrat who was injured in a paragliding accident and a young man from the projects.,63.64,24.24,12.12,0.45588546441921163,0.029383128477387114,0.6000439995600044,0.4138325577730846
Wonder Woman,297762.0,6.651515151515151,294.337037,17,10,6,33,Action,An Amazon princess comes to the world of Man to become the greatest of the female superheroes.,51.52,30.3,18.18,0.32541081881655987,0.537613384752198,0.4667253327466726,0.4102456861827213
The Shawshank Redemption,278.0,7.148484848484848,51.645403,20,7,6,33,Drama,"Dijebak pada tahun 1940-an atas pembunuhan ganda terhadap istri dan kekasihnya, bankir terkemuka Andy Dufresne memulai hidup baru di penjara Shawshank, di mana ia menerapkan keterampilan akuntansinya untuk bekerja pada sipir amoral.Selama masa tahanannya yang panjang di penjara, Dufresne dikagumi oleh narapidana lain -- termasuk seorang narapidana yang lebih tua bernama Red -- karena integritas dan harapannya yang tak pernah padam.",60.61,21.21,18.18,0.441074828972424,0.09433151939258436,0.5667143328566715,0.4094180182217303
Inglourious Basterds,16869.0,7.190625,16.89564,20,8,4,32,Drama,"Di Prancis yang diduduki Nazi selama Perang Dunia II, sekelompok tentara Yahudi-Amerika yang dikenal sebagai ""The Basterds"" dipilih secara khusus untuk menyebarkan ketakutan ke seluruh Third Reich dengan menguliti dan membunuh Nazi secara brutal.The Basterds, dipimpin oleh Lt. Aldo Raine segera bertemu dengan seorang gadis remaja Perancis-Yahudi yang menjalankan sebuah bioskop di Paris yang menjadi sasaran para tentara.",62.5,25.0,12.5,0.4508824670287044,0.030860276030959116,0.5875041249587505,0.40786452620816915
The Lord of the Rings: The Return of the King,122.0,7.175757575757576,29.324358,20,7,6,33,Adventure,"Aragorn terungkap sebagai pewaris raja-raja kuno saat dia, Gandalf, dan anggota lain dari persekutuan yang hancur berjuang untuk menyelamatkan Gondor dari pasukan Sauron.Sementara itu, Frodo dan Sam membawa cincin itu lebih dekat ke jantung Mordor, wilayah penguasa kegelapan.",60.61,21.21,18.18,0.4474222441639044,0.053561616032933,0.5667143328566715,0.40443774514554026
Pirates of the Caribbean: The Curse of the Black Pearl,22.0,7.15,47.326665,19,8,5,32,Adventure,"Jack Sparrow, a freewheeling 17th-century pirate who roams the Caribbean Sea, butts heads with a rival pirate bent on pillaging the village of Port Royal. When the governor's daughter is kidnapped, Sparrow decides to help the girl's love save her. But their seafaring mission is hardly simple.",59.38,25.0,15.62,0.4414274631497286,0.08644324485634942,0.5531844681553185,0.4039577209927297
Taken,8681.0,6.956521739130435,16.367481,16,6,1,23,Action,"Saat berlibur bersama temannya di Paris, seorang gadis Amerika diculik oleh sekelompok pedagang manusia yang bermaksud menjualnya ke prostitusi paksa.Bekerja melawan waktu, ayah mantan mata-matanya harus berusaha sekuat tenaga untuk menyelamatkannya.Namun dengan tahun-tahun terbaiknya yang mungkin telah berlalu, pekerjaan itu mungkin lebih dari yang bisa dia tangani.",69.57,26.09,4.35,0.39639761190002365,0.02989558143944111,0.6652733472665273,0.40375992641785824
Gladiator,98.0,7.081818181818181,23.186667,21,7,5,33,Action,"Pada tahun 180, kematian Kaisar Marcus Aurelius membuat Kekaisaran Romawi kacau balau.Maximus adalah salah satu jenderal tentara Romawi yang paling cakap dan tepercaya serta penasihat utama kaisar.Saat putra Marcus yang licik, Commodus, naik takhta, Maximus akan dieksekusi.Dia lolos, tapi ditangkap oleh pedagang budak.Berganti nama menjadi orang Spanyol dan dipaksa menjadi gladiator, Maximus harus bertarung sampai mati dengan pria lain demi hiburan penonton yang membayar.Keterampilan bertarungnya sangat berguna baginya, dan dia menjadi salah satu pria paling terkenal dan dikagumi yang bertarung di Colosseum.Bertekad untuk membalas dendam terhadap pria yang merampas kebebasannya dan menghancurkan keluarganya, Maximus percaya bahwa dia dapat menggunakan ketenaran dan keterampilannya di atas ring untuk membalas kehilangan keluarga dan kejayaannya di masa lalu.Saat sang gladiator mulai menantang kekuasaannya, Commodus memutuskan untuk menguji keberanian bertarungnya dengan bertarung melawan Maximus dalam pertarungan sampai mati.",63.64,21.21,15.15,0.42555892517102745,0.04235098190171729,0.6000439995600044,0.40126285883385854
Saving Private Ryan,857.0,7.154545454545454,21.758054,20,8,5,33,Drama,"As U.S. troops storm the beaches of Normandy, three brothers lie dead on the battlefield, with a fourth trapped behind enemy lines. Ranger captain John Miller and seven men are tasked with penetrating German-held territory and bringing the boy home.",60.61,24.24,15.15,0.4424853656816419,0.03974158731699504,0.5667143328566715,0.3992053001612214
Captain America: The Winter Soldier,100402.0,7.154545454545454,18.717704,20,9,4,33,Action,"Setelah peristiwa dahsyat di New York bersama The Avengers, Steve Rogers alias Captain America hidup tenang di Washington, D.C. dan mencoba menyesuaikan diri dengan dunia modern.Tapi ketika S.H.I.E.L.D.rekannya diserang, Steve terlibat dalam jaringan intrik yang mengancam dunia dalam bahaya.Bergabung dengan Black Widow, Captain America berjuang untuk mengungkap konspirasi yang semakin luas sambil melawan pembunuh profesional yang dikirim untuk membungkamnya di setiap kesempatan.Ketika keseluruhan plot jahat terungkap, Captain America dan Black Widow meminta bantuan sekutu baru, Falcon.Namun, mereka segera menghadapi musuh yang tak terduga dan tangguh—Prajurit Musim Dingin.",60.61,27.27,12.12,0.4424853656816419,0.034188317939171736,0.5667143328566715,0.3980946462856567
The Lord of the Rings: The Fellowship of the Ring,120.0,7.066666666666666,32.070725,20,7,6,33,Adventure,"Hobbit muda Frodo Baggins, setelah mewarisi cincin misterius dari pamannya Bilbo, harus meninggalkan rumahnya agar cincin itu tidak jatuh ke tangan pencipta jahatnya.Sepanjang jalan, sebuah persekutuan dibentuk untuk melindungi pembawa cincin dan memastikan bahwa cincin tersebut tiba di tujuan akhirnya: Gunung Doom, satu-satunya tempat di mana cincin tersebut dapat dihancurkan.",60.61,21.21,18.18,0.422032583397983,0.058577918682747816,0.5667143328566715,0.3927461752925425
Titanic,597.0,7.0606060606060606,26.88907,20,7,6,33,Drama,"84 years later, a 101-year-old woman named Rose DeWitt Bukater tells the story to her granddaughter Lizzy Calvert, Brock Lovett, Lewis Bodine, Bobby Buell and Anatoly Mikailavich on the Keldysh about her life set in April 10th 1912, on a ship called Titanic when young Rose boards the departing ship with the upper-class passengers and her mother, Ruth DeWitt Bukater, and her fiancé, Caledon Hockley. Meanwhile, a drifter and artist named Jack Dawson and his best friend Fabrizio De Rossi win third-class tickets to the ship in a game. And she explains the whole story from departure until the death of Titanic on its first and last voyage April 15th, 1912 at 2:20 in the morning.",60.61,21.21,18.18,0.4206220466887651,0.049113506349317444,0.5667143328566715,0.3901480244712475
Finding Nemo,12.0,7.057575757575758,25.497794,20,9,4,33,Animation,"Nemo, seekor ikan badut muda yang suka berpetualang, tiba-tiba dibawa dari rumahnya di Great Barrier Reef ke akuarium kantor dokter gigi.Ayahnya yang mengkhawatirkan, Marlin, dan seekor ikan Dory yang ramah namun pelupa harus membawa pulang Nemo -- bertemu dengan hiu vegetarian, penyu peselancar, ubur-ubur yang menghipnotis, burung camar yang lapar, dan masih banyak lagi.",60.61,27.27,12.12,0.4199167783341562,0.046572308655992496,0.5667143328566715,0.38928715075527803
Ice Age,425.0,6.826086956521739,17.328902,16,6,1,23,Animation,"With the impending ice age almost upon them, a mismatched trio of prehistoric critters – Manny the woolly mammoth, Diego the saber-toothed tiger and Sid the giant sloth – find an orphaned infant and decide to return it to its human parents. Along the way, the unlikely allies become friends but, when enemies attack, their quest takes on far nobler aims.",69.57,26.09,4.35,0.36604040881033506,0.031651639063891006,0.6652733472665273,0.3889325363979039
The Hunger Games: Mockingjay - Part 2,131634.0,6.904347826086957,26.628178,15,7,1,23,Action,"With the nation of Panem in a full scale war, Katniss confronts President Snow in the final showdown. Teamed with a group of her closest friends – including Gale, Finnick, and Peeta – Katniss goes off on a mission with the unit from District 13 as they risk their lives to stage an assassination attempt on President Snow who has become increasingly obsessed with destroying her. The mortal traps, enemies, and moral choices that await Katniss will challenge her more than any arena she faced in The Hunger Games.",65.22,30.43,4.35,0.38425473066414817,0.04863698109580417,0.6174238257617425,0.3870819092797577
Limitless,51876.0,6.947826086956522,12.114954999999998,15,7,1,23,Thriller,"Sebuah film thriller aksi yang dipicu oleh paranoia tentang seorang penulis gagal yang hidupnya diubah oleh ""obat pintar"" rahasia yang memungkinkan dia menggunakan 100% otaknya dan menjadi versi sempurna dari dirinya.Kemampuannya yang ditingkatkan segera menarik kekuatan bayangan yang mengancam kehidupan barunya dalam film yang kelam dan provokatif ini.",65.22,30.43,4.35,0.3943737983607112,0.022128244647888345,0.6174238257617425,0.386839695838456
Cars,920.0,6.913043478260869,18.907948,15,7,1,23,Animation,"Lightning McQueen, a hotshot rookie race car driven to succeed, discovers that life is about the journey, not the finish line, when he finds himself unexpectedly detoured in the sleepy Route 66 town of Radiator Springs. On route across the country to the big Piston Cup Championship in California to compete against two seasoned pros, McQueen gets to know the town's offbeat characters.",65.22,30.43,4.35,0.38627854420346064,0.034535802991719836,0.6174238257617425,0.38527358042859705
I Robot,2048.0,6.9,14.43075,13,7,0,20,Action,"Pada tahun 2035, ketika robot adalah hal biasa dan mematuhi tiga hukum robotika, seorang polisi yang fobia teknologi menyelidiki sebuah kasus bunuh diri.Mencurigai bahwa robot mungkin bertanggung jawab atas kematian tersebut, penyelidikannya membuat dia percaya bahwa umat manusia mungkin berada dalam bahaya.",65.0,35.0,0.0,0.38324282389449205,0.0263580976117959,0.6150038499615005,0.3813941864580553
The Martian,286217.0,6.987878787878787,25.62993,20,8,5,33,Drama,"Selama misi berawak ke Mars, Astronot Mark Watney dianggap tewas setelah badai dahsyat dan ditinggalkan oleh krunya.Tapi Watney selamat dan mendapati dirinya terdampar dan sendirian di planet yang bermusuhan ini.Dengan persediaan yang sedikit, ia harus memanfaatkan kecerdikan, kecerdasan, dan semangatnya untuk bertahan hidup dan menemukan cara untuk memberi sinyal kepada Bumi bahwa ia masih hidup.",60.61,24.24,15.15,0.4036956061781507,0.04681365810671629,0.5667143328566715,0.38122483456742007
Shutter Island,11324.0,7.018181818181818,15.813629000000002,20,8,5,33,Drama,"World War II soldier-turned-U.S. Marshal Teddy Daniels investigates the disappearance of a patient from a hospital for the criminally insane, but his efforts are compromised by his troubling visions and also by a mysterious doctor.",60.61,24.24,15.15,0.41074828972424005,0.02888395799100715,0.5667143328566715,0.3811652363173229
Logan,263115.0,6.975757575757576,54.581997,19,9,5,33,Action,"Dalam waktu dekat, Logan yang lelah merawat Profesor X yang sakit di tempat persembunyian di perbatasan Meksiko.Namun upaya Logan untuk bersembunyi dari dunia dan warisannya terhenti ketika seorang mutan muda tiba, dikejar oleh kekuatan gelap.",57.58,27.27,15.15,0.4008745327597152,0.09969527604405529,0.5333846661533385,0.3803917214346702
Skyfall,37724.0,6.987878787878787,20.309585,20,7,6,33,Action,"When Bond's latest assignment goes gravely wrong and agents around the world are exposed, MI6 is attacked forcing M to relocate the agency. These events cause her authority and position to be challenged by Gareth Mallory, the new Chairman of the Intelligence and Security Committee. With MI6 now compromised from both inside and out, M is left with one ally she can trust: Bond. 007 takes to the shadows - aided only by field agent, Eve - following a trail to the mysterious Silva, whose lethal and hidden motives have yet to reveal themselves.",60.61,21.21,18.18,0.4036956061781507,0.03709592529044338,0.5667143328566715,0.3792812880041655
The Hunger Games,70160.0,6.987878787878787,20.031667,20,8,5,33,Science Fiction,"Every year in the ruins of what was once North America, the nation of Panem forces each of its twelve districts to send a teenage boy and girl to compete in the Hunger Games.  Part twisted entertainment, part government intimidation tactic, the Hunger Games are a nationally televised event in which “Tributes” must fight with one another until one survivor remains.  Pitted against highly-trained Tributes who have prepared for these Games their entire lives, Katniss is forced to rely upon her sharp instincts as well as the mentorship of drunken former victor Haymitch Abernathy.  If she’s ever to return home to District 12, Katniss must make impossible choices in the arena that weigh survival against humanity and life against love. The world will be watching.",60.61,24.24,15.15,0.4036956061781507,0.03658830165535337,0.5667143328566715,0.3791797632771475
Toy Story,862.0,6.981818181818182,21.946943,20,9,4,33,Animation,"Led by Woody, Andy's toys live happily in his room until Andy's birthday brings Buzz Lightyear onto the scene. Afraid of losing his place in Andy's heart, Woody plots against Buzz. But when circumstances separate Buzz and Woody from their owner, the duo eventually learns to put aside their differences.",60.61,27.27,12.12,0.40228506946893305,0.04008659743080025,0.5667143328566715,0.379174154077628
Batman Begins,272.0,6.954545454545454,28.505341,20,7,6,33,Action,"Didorong oleh tragedi, miliarder Bruce Wayne mendedikasikan hidupnya untuk mengungkap dan memberantas korupsi yang melanda rumahnya, Gotham City.Tidak dapat bekerja dalam sistem, ia malah menciptakan identitas baru, simbol ketakutan terhadap dunia kriminal – The Batman.",60.61,21.21,18.18,0.39593765427745264,0.05206566259796114,0.5667143328566715,0.37839625951532
Sherlock Holmes: A Game of Shadows,58574.0,6.826086956521739,18.695329,15,7,1,23,Adventure,"Ada dalang kriminal baru (Profesor Moriarty) dan dia tidak hanya memiliki intelektual yang setara dengan Holmes, tetapi kemampuannya untuk melakukan kejahatan dan kurangnya hati nurani dapat memberinya keunggulan dibandingkan detektif tersebut.",65.22,30.43,4.35,0.36604040881033506,0.03414744948576052,0.6174238257617425,0.3750768420308424
Ex Machina,264660.0,7.021212121212121,14.14078,19,9,5,33,Drama,"Caleb, seorang pembuat kode berusia 26 tahun di perusahaan internet terbesar di dunia, memenangkan kompetisi untuk menghabiskan seminggu di tempat peristirahatan pribadi di pegunungan milik Nathan, CEO perusahaan yang penyendiri.Tapi ketika Caleb tiba di lokasi terpencil, dia menyadari bahwa dia harus berpartisipasi dalam eksperimen aneh dan menarik di mana dia harus berinteraksi dengan kecerdasan buatan pertama di dunia, yang bertempat di tubuh seorang gadis robot cantik.",57.58,27.27,15.15,0.411453558078849,0.025828460720817088,0.5333846661533385,0.37090787102958944
The Wolverine,76170.0,6.956521739130435,3.918287,14,8,1,23,Action,"Wolverine menghadapi musuh bebuyutannya - dan ujian terhadap batas fisik, emosional, dan fana - dalam perjalanan yang mengubah hidup ke Jepang modern.",60.87,34.78,4.35,0.39639761190002365,0.007156841551342163,0.5695743042569574,0.3705024655373675
The Hobbit: The Desolation of Smaug,57158.0,6.756521739130435,20.644776,15,5,3,23,Adventure,"Para Kurcaci, Bilbo dan Gandalf telah berhasil melarikan diri dari Pegunungan Berkabut, dan Bilbo telah mendapatkan Cincin Utama.Mereka semua melanjutkan perjalanan untuk mendapatkan emas mereka kembali dari Naga, Smaug.",65.22,21.74,13.04,0.34984990049583464,0.0377081593806047,0.6174238257617425,0.36769372985256105
The Incredibles,9806.0,6.954545454545454,22.220214,19,8,6,33,Action,"Bob Parr has given up his superhero days to log in time as an insurance adjuster and raise his three children with his formerly heroic wife in suburbia. But when he receives a mysterious assignment, it's time to get back into costume.",57.58,24.24,18.18,0.39593765427745264,0.040585733213242124,0.5333846661533385,0.36610137362737627
Star Wars: The Force Awakens,140607.0,6.83030303030303,31.626013,20,7,6,33,Action,"Tiga puluh tahun setelah mengalahkan Kekaisaran Galaksi, Han Solo dan sekutunya menghadapi ancaman baru dari Kylo Ren yang jahat dan pasukan Stormtroopersnya.",60.61,21.21,18.18,0.36702165173848655,0.057765641960807725,0.5667143328566715,0.3650782541184063
The Hunger Games: Catching Fire,101299.0,6.884375,25.309139,19,8,5,32,Adventure,"Katniss Everdeen telah kembali ke rumah dengan selamat setelah memenangkan Hunger Games Tahunan ke-74 bersama dengan sesama peserta Peeta Mellark.Menang berarti mereka harus berbalik dan meninggalkan keluarga dan teman dekat mereka, memulai ""Tur Victor"" di distrik-distrik.Katniss merasakan bahwa pemberontakan sedang terjadi, namun Capitol masih memegang kendali saat Presiden Snow mempersiapkan Hunger Games Tahunan ke-75 (The Quarter Quell) - sebuah kompetisi yang dapat mengubah Panem selamanya.",59.38,25.0,15.62,0.3796062839410397,0.04622772594858274,0.5531844681553185,0.3650040276068319
American Sniper,190859.0,6.804347826086956,19.228561,14,7,2,23,War,"US Navy SEAL Chris Kyle menjalankan satu-satunya misinya—melindungi rekan-rekannya—dengan sepenuh hati dan menjadi salah satu penembak jitu paling mematikan dalam sejarah Amerika.Akurasinya yang tepat tidak hanya menyelamatkan nyawa yang tak terhitung jumlahnya tetapi juga menjadikannya sasaran utama para pemberontak.Meskipun menghadapi bahaya besar dan perjuangannya untuk menjadi suami dan ayah yang baik bagi keluarganya di Amerika, Kyle menjalani empat kali tugas di Irak.Namun, ketika dia akhirnya kembali ke rumah, dia menyadari bahwa dia tidak bisa meninggalkan perang.",60.87,30.43,8.7,0.36098087496205356,0.03512141002874915,0.5695743042569574,0.35838701076386387
????????,129.0,7.5,41.048867,1,1,1,3,Fantasy,Seorang gadis berusia sepuluh tahun yang mengembara jauh dari orang tuanya di sepanjang jalan yang mengarah ke dunia yang dikuasai oleh binatang aneh dan tidak biasa seperti monster.Orang tuanya telah diubah menjadi babi bersama dengan orang lain di dalam pemandian yang penuh dengan makhluk-makhluk ini.Akankah dia melihat dunia seperti dulu?,33.33,33.33,33.33,0.5228859581070597,0.07497670205911872,0.26663733362666375,0.3564295195533527
John Wick,245891.0,6.618181818181818,183.870374,16,11,6,33,Action,Mantan orang gila John Wick keluar dari pengobatannya untuk melacak batasan yang membunuh anjingnya dan melarikan diri demi harga dirinya.,48.48,33.33,18.18,0.3176528669158616,0.335843477699317,0.4332856671433286,0.35598082914079276
Kingsman: The Secret Service,207703.0,6.848484848484849,28.224212,19,8,6,33,Crime,The story of a super-secret spy organization that recruits an unrefined but promising street kid into the agency's ultra-competitive training program just as a global threat emerges from a twisted tech genius.,57.58,24.24,18.18,0.37125326186614016,0.051552173997333556,0.5333846661533385,0.3559524655785383
Beauty and the Beast,321612.0,6.40625,287.253654,14,12,6,32,Family,Adaptasi live-action dari kisah klasik 'Beauty and the Beast' versi Disney tentang seorang pangeran terkutuk dan seorang wanita muda cantik yang membantunya memecahkan mantranya.,43.75,37.5,18.75,0.2683281613653996,0.5246754223777035,0.38125618743812567,0.3534760213896782
X-Men: Days of Future Past,127585.0,6.85625,26.058586,18,10,4,32,Action,Ansambel X-Men yang terhebat berperang demi kelangsungan hidup spesies dalam dua periode waktu saat mereka bergabung dengan generasi muda mereka dalam pertempuran epik yang harus mengubah masa lalu – untuk menyelamatkan masa depan kita.,56.25,31.25,12.5,0.3730605120248256,0.0475966081744454,0.5187548124518755,0.3516760213828645
The Hobbit: An Unexpected Journey,49051.0,6.739393939393939,23.253089,20,7,6,33,Adventure,"Bilbo Baggins, a hobbit enjoying his quiet life, is swept into an epic quest by Gandalf the Grey and thirteen dwarves who seek to reclaim their mountain home from Smaug, the dragon.",60.61,21.21,18.18,0.34586360110021874,0.04247230321624153,0.5667143328566715,0.35144056105035915
Despicable Me 2,93456.0,6.6521739130434785,24.82355,14,8,1,23,Animation,Gru direkrut oleh Liga Anti-Penjahat untuk membantu menghadapi penjahat super baru yang kuat.,60.87,34.78,4.35,0.32556413802408346,0.045340786443621856,0.5695743042569574,0.3427225175778533
Monsters University,62211.0,6.71875,16.267502,19,12,1,32,Animation,Sekilas tentang hubungan antara Mike dan Sulley selama mereka berada di Monsters University — ketika mereka belum tentu menjadi sahabat terbaik.,59.38,37.5,3.12,0.3410589604344454,0.029712967490676853,0.5531844681553185,0.3424274141619536
Despicable Me,20352.0,6.836363636363636,22.274502,18,10,5,33,Animation,"Gru yang jahat memenuhi reputasinya sebagai pria yang tercela, menyedihkan, dan benar-benar tidak disukai ketika dia menyusun rencana untuk mencuri bulan dari langit.Namun dia mengalami kesulitan untuk tetap menjalankan tugasnya setelah tiga anak yatim piatu dirawatnya.",54.55,30.3,15.15,0.3684321884477044,0.04068489149698684,0.5000549994500055,0.3423695723582512
Rogue One: A Star Wars Story,330459.0,6.797916666666667,36.567575,26,12,10,48,Action,Sekelompok pejuang perlawanan bersatu dalam misi mencuri rencana Death Star dan membawa harapan baru ke galaksi.,54.17,25.0,20.83,0.35948409619860366,0.06679151889379743,0.4958750412495876,0.34186286425293755
Harry Potter and the Goblet of Fire,674.0,6.806060606060606,24.903058,18,10,5,33,Adventure,"Harry memulai tahun keempatnya di Hogwarts, berkompetisi dalam Turnamen Triwizard yang berbahaya dan menghadapi Lord Voldemort yang jahat.Ron dan Hermione membantu Harry mengatasi tekanan tersebut – namun Voldemort mengintai, menunggu kesempatannya untuk menghancurkan Harry dan semua yang dia perjuangkan.",54.55,30.3,15.15,0.3613795049016151,0.04548600963887634,0.5000549994500055,0.33980345421358443
Harry Potter and the Chamber of Secrets,672.0,6.787878787878788,29.741452,18,11,4,33,Adventure,"Mengabaikan ancaman terhadap hidupnya, Harry kembali ke Hogwarts untuk menyelidiki – dibantu oleh Ron dan Hermione – serangkaian serangan misterius.",54.55,33.33,12.12,0.3571478947739617,0.05432344784107148,0.5000549994500055,0.3394551367901968
Minions,211672.0,5.952173913043478,547.488298,6,9,8,23,Lainnya,"Minion Stuart, Kevin, dan Bob direkrut oleh Scarlet Overkill, seorang penjahat super yang, bersama suaminya yang penemu, Herb, menyusun rencana untuk mengambil alih dunia.",26.09,39.13,34.78,0.16264714810942094,1.0,0.18699813001869986,0.3374230130603204
Frozen,109445.0,6.781818181818182,24.248243,18,10,5,33,Animation,"Young princess Anna of Arendelle dreams about finding true love at her sister Elsa’s coronation. Fate takes her on a dangerous journey in an attempt to end the eternal winter that has fallen over the kingdom. She's accompanied by ice delivery man Kristoff, his reindeer Sven, and snowman Olaf. On an adventure where she will find out what friendship, courage, family, and true love really means.",54.55,30.3,15.15,0.3557373580647438,0.04428997494298956,0.5000549994500055,0.33674317385597147
Kill Bill: Vol. 1,24.0,6.7125,25.261865,18,7,7,32,Action,"An assassin is shot at the altar by her ruthless employer, Bill and other members of their assassination circle – but 'The Bride' lives to plot her vengeance. Setting out for some payback, she makes a death list and hunts down those who wronged her, saving Bill for last.",56.25,21.88,21.88,0.33960434445306453,0.046141378897563215,0.5187548124518755,0.33465689174160757
Ant-Man,102899.0,6.724242424242425,26.882388,18,10,5,33,Science Fiction,"Armed with the astonishing ability to shrink in scale but increase in strength, master thief Scott Lang must embrace his inner-hero and help his mentor, Doctor Hank Pym, protect the secret behind his spectacular Ant-Man suit from a new generation of towering threats. Against seemingly insurmountable obstacles, Pym and Lang must plan and pull off a heist that will save the world.",54.55,30.3,15.15,0.3423372593271743,0.04910130152224733,0.5000549994500055,0.3310053898030383
Jurassic World,135397.0,6.606060606060606,32.790475,19,8,6,33,Action,"Dua puluh dua tahun setelah peristiwa Jurassic Park, Isla Nublar kini menampilkan taman hiburan dinosaurus yang berfungsi penuh, Jurassic World, seperti yang awalnya dibayangkan oleh John Hammond.",57.58,24.24,18.18,0.31483179349742607,0.059892558653372355,0.5333846661533385,0.3294098083253891
Avengers: Age of Ultron,99861.0,6.703125,37.37942,17,10,5,32,Action,"Ketika Tony Stark mencoba untuk memulai program penjaga perdamaian yang tidak aktif, segalanya menjadi kacau dan para Pahlawan Terkuat di Bumi menghadapi ujian akhir karena nasib planet ini berada di ujung tanduk.Saat Ultron yang jahat muncul, The Avengers harus menghentikan dia menjalankan rencana buruknya, dan aliansi yang tidak mudah serta tindakan tak terduga segera membuka jalan bagi petualangan global yang epik dan unik.",53.12,31.25,15.62,0.33742242048099325,0.06827437250540103,0.4843251567484326,0.32766363176610663
Gravity,49047.0,6.806060606060606,18.50194,17,10,6,33,Science Fiction,"Dr. Ryan Stone, a brilliant medical engineer on her first Shuttle mission, with veteran astronaut Matt Kowalsky in command of his last flight before retiring. But on a seemingly routine spacewalk, disaster strikes. The Shuttle is destroyed, leaving Stone and Kowalsky completely alone-tethered to nothing but each other and spiraling out into the blackness of space. The deafening silence tells them they have lost any link to Earth and any chance for rescue. As fear turns to panic, every gulp of air eats away at what little oxygen is left. But the only way home may be to go further out into the terrifying expanse of space.",51.52,30.3,18.18,0.3613795049016151,0.03379422001819663,0.4667253327466726,0.32746619627844864
Zootopia,269149.0,6.734375,26.024868,17,9,6,32,Animation,"Bertekad untuk membuktikan dirinya, Petugas Judy Hopps, kelinci pertama di kepolisian Zootopia, mengambil kesempatan untuk memecahkan kasus pertamanya - bahkan jika itu berarti bermitra dengan penipu Nick Wilde untuk memecahkan misteri tersebut.",53.12,28.12,18.75,0.34469550038789776,0.04753502146999314,0.4843251567484326,0.3271523015124773
Brave,62177.0,6.6695652173913045,15.876341,13,7,3,23,Animation,"Brave berlatarkan Dataran Tinggi Skotlandia yang mistis, di mana Mérida adalah putri kerajaan yang diperintah oleh Raja Fergus dan Ratu Elinor.Seorang putri nakal dan pemanah ulung, Mérida suatu hari menentang adat suci di negeri itu dan secara tidak sengaja membawa kekacauan ke kerajaan.Dalam upaya untuk memperbaiki keadaan, Mérida mencari Wanita Bijaksana tua yang eksentrik dan keinginan naasnya dikabulkan.Yang juga terlibat dalam pencarian Mérida – dan menjadi pelawak – adalah tiga penguasa kerajaan: Lord MacGuffin yang sangat besar, Lord Macintosh yang pemarah, dan Lord Dingwall yang tidak menyenangkan.",56.52,30.43,13.04,0.3296117651027086,0.028998502904988118,0.5217247827521726,0.3271230179580037
The Revenant,281957.0,6.778787878787878,23.501228,17,10,6,33,Lainnya,"Pada tahun 1820-an, seorang penjaga perbatasan, Hugh Glass, memulai jalur balas dendam terhadap orang-orang yang membiarkannya mati setelah dianiaya oleh beruang.",51.52,30.3,18.18,0.35503208971013467,0.042925534821202704,0.4667253327466726,0.3261187516433096
Harry Potter and the Order of the Phoenix,675.0,6.644117647058824,25.062350176470588,19,8,7,34,Adventure,"Sekembalinya untuk tahun kelima studinya di Hogwarts, Harry terkejut saat mengetahui bahwa peringatannya tentang kembalinya Lord Voldemort telah diabaikan.Karena tidak punya pilihan, Harry mengambil tindakan sendiri, melatih sekelompok kecil siswa – yang dijuluki 'Tentara Dumbledore' – untuk mempertahankan diri melawan ilmu hitam.",55.88,23.53,20.59,0.32368913430383817,0.04577696047207677,0.5146848531514686,0.325405415191775
Doctor Strange,284052.0,6.734375,43.847654,16,11,5,32,Action,"Setelah kariernya hancur, seorang ahli bedah yang brilian namun arogan mendapat kesempatan hidup baru ketika seorang penyihir membawanya ke bawah pengawasannya dan melatihnya untuk membela dunia dari kejahatan.",50.0,34.38,15.62,0.34469550038789776,0.08008875104760686,0.4500054999450006,0.32336715038697045
Fantastic Beasts and Where to Find Them,259316.0,6.684848484848485,41.051421,17,10,6,33,Adventure,"In 1926, Newt Scamander arrives at the Magical Congress of the United States of America with a magically expanded briefcase, which houses a number of dangerous creatures and their habitats. When the creatures escape from the briefcase, it sends the American wizarding authorities after Newt, and threatens to strain even further the state of magical and non-magical relations.",51.52,30.3,18.18,0.3331687707172579,0.07498136699900752,0.4667253327466726,0.32159825858243224
"Monsters, Inc.",585.0,6.642424242424242,26.419962,18,10,5,33,Animation,"James Sullivan and Mike Wazowski are monsters, they earn their living scaring children and are the best in the business... even though they're more afraid of the children than they are of them. When a child accidentally enters their world, James and Mike suddenly find that kids are not to be afraid of and they uncover a conspiracy that could threaten all children across the world.",54.55,30.3,15.15,0.32329501375273284,0.04825666977086696,0.5000549994500055,0.32131534066554146
Harry Potter and the Half-Blood Prince,767.0,6.733333333333333,19.083723,17,10,6,33,Adventure,"Ketika Harry memulai tahun keenamnya di Hogwarts, dia menemukan sebuah buku tua bertanda 'Properti Pangeran Berdarah-Campuran', dan mulai belajar lebih banyak tentang masa lalu kelam Lord Voldemort.",51.52,30.3,18.18,0.3444530643910009,0.03485686008214919,0.4667253327466726,0.319215504035932
The Amazing Spider-Man,1930.0,6.703125,31.102267,16,11,5,32,Action,"Peter Parker adalah seorang siswa sekolah menengah yang diasingkan dan ditinggalkan oleh orang tuanya saat masih kecil, meninggalkan dia untuk dibesarkan oleh Paman Ben dan Bibi May.Seperti kebanyakan remaja, Peter mencoba mencari tahu siapa dirinya dan bagaimana dia bisa menjadi seperti sekarang ini.Saat Peter menemukan tas kerja misterius milik ayahnya, dia memulai pencarian untuk memahami hilangnya orang tuanya – membawanya langsung ke Oscorp dan laboratorium Dr. Curt Connors, mantan rekan ayahnya.Saat Spider-Man berada di jalur yang bertabrakan dengan alter ego Connors, The Lizard, Peter akan membuat pilihan yang mengubah hidup untuk menggunakan kekuatannya dan membentuk takdirnya untuk menjadi pahlawan.",50.0,34.38,15.62,0.33742242048099325,0.05680900781554239,0.4500054999450006,0.31507466178710525
X-Men: First Class,49538.0,6.739393939393939,0.738633,17,10,6,33,Action,"Sebelum Charles Xavier dan Erik Lensherr mengambil nama Profesor X dan Magneto, mereka adalah dua pemuda yang pertama kali menemukan kekuatan mereka.Sebelum mereka menjadi musuh bebuyutan, mereka adalah teman terdekat, bekerja sama dengan mutan lain (sebagian familiar, sebagian baru), untuk menghentikan ancaman terbesar yang pernah ada di dunia.",51.52,30.3,18.18,0.34586360110021874,0.0013491302055190228,0.4667253327466726,0.31321922641521494
Spider-Man,557.0,6.642424242424242,29.413341,17,10,6,33,Fantasy,"Setelah digigit laba-laba yang diubah secara genetik, siswa sekolah menengah kutu buku Peter Parker diberkahi dengan kekuatan luar biasa.",51.52,30.3,18.18,0.32329501375273284,0.05372414553415716,0.4667253327466726,0.3124099358071996
The Hobbit: The Battle of the Five Armies,122917.0,6.621212121212121,31.718977000000002,17,10,6,33,Action,"Segera setelah peristiwa The Desolation of Smaug, Bilbo dan para kurcaci mencoba mempertahankan gunung harta karun Erebor dari orang lain yang mengklaimnya: orang-orang dari Laketown yang hancur dan para elf dari Mirkwood.Sementara itu pasukan Orc yang dipimpin oleh Azog the Defiler bergerak menuju Erebor, didorong oleh kebangkitan penguasa kegelapan Sauron.Kurcaci, elf, dan manusia harus bersatu, dan harapan akan Dunia Tengah jatuh ke tangan Bilbo.",51.52,30.3,18.18,0.3183581352704705,0.057935442850323725,0.4667253327466726,0.31078375602930175
Pirates of the Caribbean: Dead Man's Chest,58.0,6.624242424242424,29.455314,17,10,6,33,Adventure,"Kapten Jack Sparrow berusaha keluar dari hutang darahnya dengan si hantu Davey Jones, dia juga berusaha menghindari kutukan abadi.",51.52,30.3,18.18,0.31906340362507946,0.05380081018644896,0.4667253327466726,0.3103094636738313
The Maze Runner,198663.0,6.5606060606060606,76.93789,16,11,6,33,Action,"Bertempat di dunia pasca-apokaliptik, Thomas muda disimpan dalam komunitas anak laki-laki setelah ingatannya terhapus, segera mengetahui bahwa mereka semua terjebak dalam labirin yang mengharuskan dia untuk bergabung dengan sesama ""pelari"" untuk mencoba melarikan diri.",48.48,33.33,18.18,0.30425276817829205,0.14052883007921385,0.4332856671433286,0.31021785024798737
Edge of Tomorrow,137113.0,6.606060606060606,31.982986000000004,17,10,6,33,Action,"Mayor Bill Cage adalah seorang perwira yang belum pernah melihat satu hari pun pertempuran ketika dia diturunkan pangkatnya begitu saja dan dimasukkan ke dalam pertempuran.Cage terbunuh dalam beberapa menit, berhasil membawa alien alfa bersamanya.Dia terbangun kembali di awal hari yang sama dan dipaksa untuk bertarung dan mati lagi... dan lagi - karena kontak fisik dengan alien telah melemparkannya ke dalam lingkaran waktu.",51.52,30.3,18.18,0.31483179349742607,0.05841766137620718,0.4667253327466726,0.3091170288479562
Harry Potter and the Deathly Hallows: Part 1,12444.0,6.618181818181818,23.300362,17,10,6,33,Adventure,"Harry, Ron dan Hermione meninggalkan tahun terakhir mereka di Hogwarts untuk menemukan dan menghancurkan Horcrux yang tersisa, mengakhiri upaya Voldemort untuk mendapatkan keabadian.Tapi dengan kematian Dumbledore yang dicintai Harry dan para Pelahap Maut Voldemort yang tidak bermoral berkeliaran, dunia menjadi lebih berbahaya dari sebelumnya.",51.52,30.3,18.18,0.3176528669158616,0.042558648440738,0.4667253327466726,0.30735576297008016
Jurassic Park,329.0,6.5875,8.863776,17,9,6,32,Adventure,"Seorang pengusaha kaya diam-diam menciptakan sebuah taman hiburan yang menampilkan dinosaurus hidup yang diambil dari DNA prasejarah.Sebelum hari pembukaan, ia mengundang tim ahli dan dua cucunya yang bersemangat untuk menjelajahi taman tersebut dan membantu menenangkan investor yang cemas.Namun, taman itu sama sekali tidak lucu karena sistem keamanan tidak berfungsi dan dinosaurus melarikan diri.",53.12,28.12,18.75,0.31051202482544626,0.01618989124037862,0.4843251567484326,0.3037915376853286
300.0,1271.0,6.546666666666667,18.108408,16,8,6,30,Action,"Berdasarkan novel grafis Frank Miller, ""300"" secara longgar didasarkan pada tahun 480 SM.Pertempuran Thermopylae, dimana Raja Sparta memimpin pasukannya melawan serangan Persia;Pertempuran ini dikatakan telah menginspirasi seluruh Yunani untuk bersatu melawan Persia, dan membantu mewujudkan demokrasi pertama di dunia.",53.33,26.67,20.0,0.3010085337470909,0.0330754247463386,0.4866351336486635,0.3031098919174122
Now You See Me,75656.0,6.663636363636364,17.852022,16,11,6,33,Thriller,An FBI agent and an Interpol detective track a team of illusionists who pull off bank heists during their performances and reward their audiences with the money.,48.48,33.33,18.18,0.3282318922349956,0.032607129805722355,0.4332856671433286,0.30062307222164086
World War Z,72190.0,6.536363636363636,26.114917,17,10,6,33,Action,"Kehidupan mantan penyelidik PBB Gerry Lane dan keluarganya tampak bahagia.Tiba-tiba, dunia dilanda infeksi misterius yang mengubah seluruh populasi manusia menjadi zombie tak berakal yang mengamuk.Setelah nyaris lolos dari kekacauan, Lane dibujuk untuk menjalankan misi menyelidiki penyakit ini.Berikut ini adalah perjalanan berbahaya keliling dunia di mana Lane harus berani menghadapi bahaya mengerikan dan rintangan panjang untuk menemukan jawaban sebelum peradaban manusia runtuh.",51.52,30.3,18.18,0.2986106213414206,0.04769949804479657,0.4667253327466726,0.29886281010367133
Life of Pi,87827.0,6.590625,14.045042,16,10,6,32,Adventure,"Kisah seorang anak laki-laki India bernama Pi, putra seorang penjaga kebun binatang yang mendapati dirinya ditemani seekor hyena, zebra, orangutan, dan harimau Bengal setelah kapal karam membuat mereka terapung di Samudra Pasifik.",50.0,31.25,18.75,0.3112393328161367,0.02565359305633963,0.4500054999450006,0.2957520350028364
Maleficent,102651.0,6.5,19.467404,12,6,5,23,Fantasy,"Kisah tak terhitung penjahat paling ikonik Disney dari film klasik 'Sleeping Beauty' tahun 1959.Seorang wanita muda yang cantik dan berhati murni, Maleficent memiliki kehidupan indah yang tumbuh di kerajaan hutan yang damai, hingga suatu hari ketika tentara penyerang mengancam keharmonisan negeri tersebut.Maleficent menjadi pelindung paling kejam di negeri itu, tetapi dia akhirnya mengalami pengkhianatan yang kejam – sebuah tindakan yang mulai mengubah hatinya menjadi batu.Bertekad membalas dendam, Maleficent menghadapi pertempuran epik dengan penerus Raja yang menyerang dan, sebagai hasilnya, mengutuk bayinya yang baru lahir, Aurora.Seiring pertumbuhan anak tersebut, Maleficent menyadari bahwa Aurora memegang kunci perdamaian di kerajaan - dan juga kebahagiaan sejati Maleficent.",52.17,26.09,21.74,0.29014740108611337,0.03555766227536794,0.47387526124738755,0.2943478113723465
Arrival,329865.0,6.675,30.83786,14,12,6,32,Thriller,"Bertempat setelah pesawat alien mendarat di seluruh dunia, seorang ahli bahasa direkrut oleh militer untuk menentukan apakah mereka datang dengan damai atau merupakan ancaman.",43.75,37.5,18.75,0.33087664856477894,0.05632606233348206,0.38125618743812567,0.2910803929805236
Captain America: The First Avenger,1771.0,6.554545454545455,19.323582,16,11,6,33,Action,"Predominantly set during World War II, Steve Rogers is a sickly man from Brooklyn who's transformed into super-soldier Captain America to aid in the war effort. Rogers must stop the Red Skull – Adolf Hitler's ruthless head of weaponry, and the leader of an organization that intends to use a mysterious device of untold powers for world domination.",48.48,33.33,18.18,0.3028422314690742,0.03529496807619439,0.4332856671433286,0.28846580949277456
Finding Dory,127380.0,6.46969696969697,14.477677,17,11,5,33,Adventure,Dory bertemu kembali dengan teman-temannya Nemo dan Marlin untuk mencari jawaban tentang masa lalunya.Apa yang bisa dia ingat?Siapa orang tuanya?Dan di mana dia belajar berbicara bahasa Paus?,51.52,33.33,15.15,0.283094717540024,0.02644381085931448,0.4667253327466726,0.2868537207658767
The Hangover,18785.0,6.524242424242424,23.947351,16,10,7,33,Comedy,"Ketika tiga orang teman akhirnya sadar setelah malam pesta bujangan yang riuh, mereka menemukan seorang bayi di lemari dan seekor harimau di kamar mandi.Tapi sepertinya mereka tidak bisa menemukan sahabat mereka, Doug – yang seharusnya menikah.Meluncurkan pencarian Doug dengan panik, ketiganya bertahan melewati mabuk berat untuk mencoba tiba di gereja tepat waktu.",48.48,30.3,21.21,0.29578954792298484,0.0437403887671769,0.4332856671433286,0.2866285518579264
Fast & Furious 6,82992.0,6.463636363636364,1.657637,17,10,6,33,Action,"Hobbs menyuruh Dominic dan Brian mengumpulkan kembali kru mereka untuk mengalahkan tim tentara bayaran: Dominic tiba-tiba berbelit-belit juga menghadapi pacarnya yang diduga sudah meninggal, Letty.",51.52,30.3,18.18,0.2816841808308064,0.003027712201439601,0.4667253327466726,0.28146523267969287
Sherlock Holmes,10528.0,6.540625,15.68604,15,11,6,32,Action,"Detektif konsultan eksentrik, Sherlock Holmes dan Dokter John Watson berjuang untuk menjatuhkan musuh baru dan mengungkap plot mematikan yang dapat menghancurkan Inggris.",46.88,34.38,18.75,0.2996024049650894,0.02865091374062574,0.41568584314156865,0.28023713817314044
Silver Linings Playbook,82693.0,6.496969696969697,14.488111,16,11,6,33,Drama,"Setelah menghabiskan delapan bulan di rumah sakit jiwa, seorang mantan guru tinggal kembali bersama orang tuanya dan mencoba berdamai dengan mantan istrinya.",48.48,33.33,18.18,0.28944213273150443,0.026462868800896273,0.4332856671433286,0.2799993402689301
Iron Man 2,10138.0,6.545454545454546,19.083344,15,12,6,33,Adventure,"With the world now aware of his dual life as the armored superhero Iron Man, billionaire inventor Tony Stark faces pressure from the government, the press and the public to share his technology with the military. Unwilling to let go of his invention, Stark, with Pepper Potts and James 'Rhodey' Rhodes at his side, must forge new alliances – and confront powerful enemies.",45.45,36.36,18.18,0.3007264264052474,0.034856167829910405,0.3999560004399957,0.27732124690060445
Iron Man 3,68721.0,6.412121212121212,23.721243,15,11,7,33,Action,"When Tony Stark's world is torn apart by a formidable terrorist called the Mandarin, he starts an odyssey of rebuilding and retribution.",45.45,33.33,21.21,0.2696946188024545,0.04332739729169518,0.3999560004399957,0.26349958899156495
Thor: The Dark World,76338.0,6.357575757575758,34.905447,15,11,7,33,Action,"Thor berjuang untuk memulihkan ketertiban di seluruh kosmos… tetapi ras kuno yang dipimpin oleh Malekith yang pendendam kembali untuk menjerumuskan alam semesta kembali ke dalam kegelapan.Menghadapi musuh yang bahkan Odin dan Asgard tidak bisa menahannya, Thor harus memulai perjalanan paling berbahaya dan pribadinya, perjalanan yang akan mempertemukannya kembali dengan Jane Foster dan memaksanya mengorbankan segalanya demi menyelamatkan kita semua.",45.45,33.33,21.21,0.2569997884194939,0.06375560377730669,0.3999560004399957,0.261237815097207
Star Trek Into Darkness,54138.0,6.3478260869565215,15.78129,11,8,4,23,Action,"Ketika kru Enterprise dipanggil kembali ke rumah, mereka menemukan kekuatan teror yang tak terhentikan dari dalam organisasi mereka telah meledakkan armada dan semua yang dimilikinya, meninggalkan dunia kita dalam keadaan krisis.Dengan masalah pribadi yang harus diselesaikan, Kapten Kirk memimpin perburuan ke dunia zona perang untuk menangkap senjata pemusnah massal yang dimiliki oleh satu orang.Saat para pahlawan kita terdorong ke dalam permainan catur epik antara hidup dan mati, cinta akan ditantang, persahabatan akan terkoyak, dan pengorbanan harus dilakukan demi satu-satunya keluarga yang tersisa dari Kirk: krunya.",47.83,34.78,17.39,0.25473066414814327,0.02882489006185115,0.42613573864261356,0.2609710316792259
Charlie and the Chocolate Factory,118.0,6.304347826086956,22.038405,11,9,3,23,Adventure,"Seorang anak laki-laki memenangkan tur melalui pabrik coklat paling megah di dunia, dipimpin oleh pembuat permen paling tidak biasa di dunia.",47.83,39.13,13.04,0.24461159645158026,0.040253654882683905,0.42613573864261356,0.25819725079511097
The Great Gatsby,64682.0,6.269565217391304,17.598936,11,7,5,23,Drama,"Sebuah adaptasi dari novel berlatar Long Island karya F. Scott Fitzgerald, di mana orang Midwestern Nick Carraway terpikat ke dunia mewah tetangganya, Jay Gatsby.Namun, tak lama kemudian, Carraway akan melihat melalui celah-celah kehidupan Gatsby sebagai orang kaya baru, di mana obsesi, kegilaan, dan tragedi menunggu.",47.83,30.43,21.74,0.23651634229432994,0.0321448623911958,0.42613573864261356,0.2525278652181882
The Fate of the Furious,337339.0,6.243478260869565,48.57328699999999,10,9,4,23,Action,"Ketika seorang wanita misterius merayu Dom ke dunia kejahatan dan pengkhianatan terhadap orang-orang terdekatnya, para kru menghadapi cobaan yang akan menguji mereka lebih dari sebelumnya.",43.48,39.13,17.39,0.2304449016763923,0.08872022868331698,0.3782862171378286,0.2464523617162081
Thor,10195.0,6.321212121212121,29.158489,14,12,7,33,Adventure,"Bertentangan dengan keinginan ayahnya, Odin, The Mighty Thor - dewa pejuang yang kuat namun arogan - dengan ceroboh menyalakan kembali perang kuno.Thor dibuang ke Bumi dan dipaksa hidup di antara manusia sebagai hukuman.Sesampainya di sini, Thor belajar apa yang diperlukan untuk menjadi pahlawan sejati ketika penjahat paling berbahaya di dunianya mengirimkan kekuatan tergelap Asgard untuk menyerang Bumi.",42.42,36.36,21.21,0.24853656816418668,0.05325865247991109,0.3666263337366627,0.24490791469907436
Pacific Rim,68726.0,6.306060606060606,33.949359,14,12,7,33,Action,"When legions of monstrous creatures, known as Kaiju, started rising from the sea, a war began that would take millions of lives and consume humanity's resources for years on end. To combat the giant Kaiju, a special type of weapon was devised: massive robots, called Jaegers, which are controlled simultaneously by two pilots whose minds are locked in a neural bridge. But even the Jaegers are proving nearly defenseless in the face of the relentless Kaiju. On the verge of defeat, the forces defending mankind have no choice but to turn to two unlikely heroes—a washed-up former pilot (Charlie Hunnam) and an untested trainee (Rinko Kikuchi)—who are teamed to drive a legendary but seemingly obsolete Jaeger from the past. Together, they stand as mankind's last hope against the mounting apocalypse.",42.42,36.36,21.21,0.24501022639114178,0.06200928700032234,0.3666263337366627,0.24489487071663416
300,1271.0,6.6000000000000005,18.108408,1,1,1,3,Action,"Berdasarkan novel grafis Frank Miller, ""300"" secara longgar didasarkan pada tahun 480 SM.Pertempuran Thermopylae, dimana Raja Sparta memimpin pasukannya melawan serangan Persia;Pertempuran ini dikatakan telah menginspirasi seluruh Yunani untuk bersatu melawan Persia, dan membantu mewujudkan demokrasi pertama di dunia.",33.33,33.33,33.33,0.3134212567882082,0.0330754247463386,0.26663733362666375,0.24331691343137093
The Hunger Games: Mockingjay - Part 1,131631.0,5.953125,147.098006,13,11,8,32,Science Fiction,Katniss Everdeen reluctantly becomes the symbol of a mass rebellion against the autocratic Capitol.,40.62,34.38,25.0,0.16286850271528341,0.2686778996690081,0.34682653173468264,0.23921779081184813
Ted,72105.0,6.133333333333333,19.638605,13,8,6,27,Comedy,"John Bennett, seorang pria yang keinginan masa kecilnya untuk menghidupkan boneka beruangnya menjadi kenyataan, kini harus memutuskan antara mempertahankan hubungan dengan beruang tersebut atau pacarnya, Lori.",48.15,29.63,22.22,0.20480993017843296,0.035870364849332356,0.42965570344296555,0.2384757490919726
Passengers,274870.0,6.260869565217392,20.303632,10,8,5,23,Adventure,"Sebuah pesawat ruang angkasa yang melakukan perjalanan ke planet koloni yang jauh dan mengangkut ribuan orang mengalami kerusakan pada ruang tidurnya.Akibatnya, dua penumpang terbangun 90 tahun lebih awal.",43.48,34.78,21.74,0.23449252875501747,0.03708505199868217,0.3782862171378286,0.23814913991859374
I Am Legend,6479.0,6.278787878787878,11.379355,14,12,7,33,Drama,"Robert Neville adalah seorang ilmuwan yang tidak mampu menghentikan penyebaran virus mengerikan yang tidak dapat disembuhkan dan disebabkan oleh manusia.Kebal, Neville kini menjadi manusia terakhir yang selamat di New York City dan mungkin dunia yang tersisa.Selama tiga tahun, Neville dengan setia mengirimkan pesan radio setiap hari, putus asa mencari korban selamat lainnya yang mungkin ada di luar sana.Tapi dia tidak sendirian.",42.42,36.36,21.21,0.2386628111996616,0.020784654286802675,0.3666263337366627,0.23347623657819014
Suicide Squad,297761.0,6.165625,42.965027,12,12,8,32,Action,"From DC Comics comes the Suicide Squad, an antihero team of incarcerated supervillains who act as deniable assets for the United States government, undertaking high-risk black ops missions in exchange for commuted prison sentences.",37.5,37.5,25.0,0.21232544608223458,0.07847661248094841,0.31250687493125073,0.2156101080166822
Men in Black 3,41154.0,6.208695652173914,10.684385,9,9,5,23,Action,"Agents J (Will Smith) and K (Tommy Lee Jones) are back...in time. J has seen some inexplicable things in his 15 years with the Men in Black, but nothing, not even aliens, perplexes him as much as his wry, reticent partner. But when K's life and the fate of the planet are put at stake, Agent J will have to travel back in time to put things right. J discovers that there are secrets to the universe that K never told him - secrets that will reveal themselves as he teams up with the young Agent K (Josh Brolin) to save his partner, the agency, and the future of humankind.",39.13,39.13,21.74,0.2223496475191422,0.019515275557542604,0.33043669563304373,0.21420888756099274
Prometheus,70981.0,6.160606060606061,16.624854,13,12,8,33,Science Fiction,"Sebuah tim penjelajah menemukan petunjuk asal usul umat manusia di Bumi, membawa mereka dalam perjalanan ke sudut paling gelap di alam semesta.Di sana, mereka harus melakukan pertempuran yang mengerikan untuk menyelamatkan masa depan umat manusia.",39.39,36.36,24.24,0.2111573453699136,0.03036567915831509,0.3332966670333297,0.21164080862661871
Pirates of the Caribbean: On Stranger Tides,1865.0,6.124242424242424,27.88772,13,12,8,33,Adventure,"Kapten Jack Sparrow bertemu dengan seorang wanita dari masa lalunya, dan dia tidak yakin apakah itu cinta -- atau apakah wanita itu penipu kejam yang memanfaatkannya untuk menemukan Air Mancur Awet Muda yang terkenal.Ketika dia memaksanya menaiki Queen Anne's Revenge, kapal bajak laut tangguh Blackbeard, Jack menemukan dirinya dalam petualangan tak terduga di mana dia tidak tahu siapa yang harus lebih ditakuti: Blackbeard atau wanita dari masa lalunya.",39.39,36.36,24.24,0.20269412511460616,0.050937563600674446,0.3332966670333297,0.21152357538743685
Man of Steel,49521.0,6.121212121212121,18.538834,13,11,9,33,Action,"Seorang anak laki-laki mengetahui bahwa dia memiliki kekuatan luar biasa dan bukan berasal dari bumi ini.Sebagai seorang pemuda, dia melakukan perjalanan untuk mencari tahu dari mana dia berasal dan untuk apa dia dikirim ke sini.Namun pahlawan dalam dirinya harus muncul jika ingin menyelamatkan dunia dari kehancuran dan menjadi simbol harapan bagi seluruh umat manusia.",39.39,33.33,27.27,0.20198885675999723,0.03386160775987947,0.3332966670333297,0.20775575004197339
Transformers,1858.0,6.165217391304348,5.587707,9,9,5,23,Adventure,"Young teenager, Sam Witwicky becomes involved in the ancient struggle between two extraterrestrial factions of transforming robots – the heroic Autobots and the evil Decepticons. Sam holds the clue to unimaginable power and the Decepticons will stop at nothing to retrieve it.",39.13,39.13,21.74,0.2122305798225792,0.010206075673968104,0.33043669563304373,0.20728751373599635
Oblivion,75612.0,6.112121212121211,14.654053,13,12,8,33,Action,"Jack Harper is one of the last few drone repairmen stationed on Earth.  Part of a massive operation to extract vital resources after decades of war with a terrifying threat known as the Scavs, Jack’s mission is nearly complete.  His existence is brought crashing down when he rescues a beautiful  stranger from a downed spacecraft.  Her arrival triggers a chain of events that  forces him to question everything he knows and puts the fate of humanity in his hands.",39.39,36.36,24.24,0.19987305169617042,0.02676596569010138,0.3332966670333297,0.20527871909610437
Lucy,240832.0,6.006060606060606,36.447603,13,13,7,33,Action,"A woman, accidentally caught in a dark deal, turns the tables on her captors and transforms into a merciless warrior evolved beyond human logic.",39.39,39.39,21.21,0.17518865928485794,0.0665723872695449,0.3332966670333297,0.20089780720633685
Batman v Superman: Dawn of Justice,209112.0,6.148484848484848,31.435879000000003,11,14,8,33,Action,"Khawatir akan tindakan Pahlawan Super yang bagaikan dewa yang tidak terkendali, pasukan Kota Gotham yang tangguh dan penuh kekerasan menghadapi penyelamat Metropolis yang paling dihormati di zaman modern, sementara dunia bergulat dengan pahlawan seperti apa yang benar-benar dibutuhkannya.Dan ketika Batman dan Superman saling berperang, ancaman baru segera muncul, menempatkan umat manusia dalam bahaya yang lebih besar daripada yang pernah diketahui sebelumnya.",33.33,42.42,24.24,0.20833627195147764,0.05741835782579595,0.26663733362666375,0.19564300762889714
The Amazing Spider-Man 2,102382.0,6.0826086956521745,26.23687,8,8,7,23,Action,"Bagi Peter Parker, hidup ini sibuk.Antara memerankan orang jahat sebagai Spider-Man dan menghabiskan waktu bersama orang yang dicintainya, Gwen Stacy, kelulusan sekolah menengah tidak bisa datang cukup cepat.Peter tidak melupakan janji yang dia buat kepada ayah Gwen untuk melindunginya dengan menjauh, tapi itu adalah janji yang tidak bisa dia tepati.Segalanya akan berubah bagi Peter ketika penjahat baru, Electro, muncul, teman lama, Harry Osborn, kembali, dan Peter mengungkap petunjuk baru tentang masa lalunya.",34.78,34.78,30.43,0.19300435119910975,0.047922248011225986,0.2825871741282588,0.1908627774402777
La vita è bella,637.0,6.033333333333334,39.39497,1,1,1,3,Comedy,"Sebuah kisah menyentuh tentang seorang penjual buku Italia keturunan Yahudi yang hidup dalam dongeng kecilnya sendiri.Kehidupan kreatif dan bahagianya tiba-tiba terhenti ketika seluruh keluarganya dideportasi ke kamp konsentrasi selama Perang Dunia II.Saat dikurung, dia mencoba meyakinkan putranya bahwa semua ini hanyalah permainan.",33.33,33.33,33.33,0.18153607447633857,0.07195582105391411,0.26663733362666375,0.18515040153695123
Alice in Wonderland,12155.0,6.034782608695653,17.285093,8,8,7,23,Family,"Alice, seorang remaja berusia 19 tahun yang bersahaja dan individual, bertunangan dengan seorang bangsawan Inggris yang bodoh.Di pesta pertunangannya, dia melarikan diri dari kerumunan untuk mempertimbangkan apakah akan melanjutkan pernikahannya dan terjatuh ke dalam lubang di taman setelah melihat kelinci yang tidak biasa.Sesampainya di tempat yang aneh dan nyata bernama 'Underland,' dia menemukan dirinya berada di dunia yang menyerupai mimpi buruk yang dia alami saat kecil, penuh dengan binatang yang bisa berbicara, ratu dan ksatria yang jahat, dan bandersnatch yang banyak jumlahnya.Alice menyadari bahwa dia ada di sana karena suatu alasan – untuk menaklukkan Jabberwocky yang mengerikan dan mengembalikan ratu yang sah ke singgasananya.",34.78,34.78,30.43,0.1818733767328906,0.031571620915265663,0.2825871741282588,0.18202716478797606
Pirates of the Caribbean: At World's End,285.0,6.0,31.363664,7,7,7,21,Adventure,"Kapten Barbossa, yang lama diyakini telah mati, telah hidup kembali dan menuju ke ujung bumi bersama Will Turner dan Elizabeth Swann.Tapi tidak ada yang seperti kelihatannya.",33.33,33.33,33.33,0.1737781225756403,0.057286455463199694,0.26663733362666375,0.1783375524684592
Divergent,157350.0,6.068181818181818,21.572585,7,9,6,22,Adventure,"Di dunia yang terbagi menjadi faksi berdasarkan tipe kepribadian, Tris mengetahui bahwa dia telah diklasifikasikan sebagai Divergen dan tidak akan cocok. Saat dia menemukan rencana untuk menghancurkan Divergen, Tris dan Empat misterius harus mencari tahu apa yang membuat Divergen berbahaya sebelum terlambat.",31.82,40.91,27.27,0.1896466605543412,0.03940282391204643,0.25002749972500277,0.1777121449770807
"I, Robot",2048.0,6.0,14.430749999999998,1,1,1,3,Action,"Pada tahun 2035, ketika robot adalah hal biasa dan mematuhi tiga hukum robotika, seorang polisi yang fobia teknologi menyelidiki sebuah kasus bunuh diri.Mencurigai bahwa robot mungkin bertanggung jawab atas kematian tersebut, penyelidikannya membuat dia percaya bahwa umat manusia mungkin berada dalam bahaya.",33.33,33.33,33.33,0.1737781225756403,0.026358097611795896,0.26663733362666375,0.17215188089817846
X-Men: Apocalypse,36668.0,5.806060606060606,3.3992683636363634,13,10,10,33,Adventure,"Ketika obat ditemukan untuk mengatasi mutasi, garis muncul di antara X-Men dan The Brotherhood, sekelompok mutan kuat yang diorganisir di bawah mantan sekutu Xavier, Magneto.",39.39,30.3,30.3,0.1286409478806687,0.006208842044759765,0.3332966670333297,0.1655512424592852
Spectre,206647.0,5.9913043478260875,24.926577,7,8,8,23,Action,"Pesan samar dari masa lalu Bond mengirimnya ke jalur untuk mengungkap organisasi jahat.Saat M melawan kekuatan politik untuk menjaga dinas rahasia tetap hidup, Bond mengupas lapisan penipuan untuk mengungkap kebenaran mengerikan di balik SPECTER.",30.43,34.78,34.78,0.17175430903632782,0.045528967634665324,0.2347376526234738,0.16540424383213911
Harry Potter and the Philosopher's Stone,671.0,5.833333333333333,38.187238,1,1,1,3,Adventure,"Harry Potter tinggal di bawah tangga di rumah bibi dan pamannya sepanjang hidupnya.Namun pada ulang tahunnya yang ke-11, dia mengetahui bahwa dia adalah seorang penyihir yang kuat -- dan tempat menunggunya di Sekolah Sihir Hogwarts.Saat dia belajar memanfaatkan kekuatan barunya dengan bantuan kepala sekolah yang baik hati, Harry mengungkap kebenaran tentang kematian orang tuanya -- dan tentang penjahat yang harus disalahkan.",33.33,33.33,33.33,0.13498836307214912,0.06974987070865211,0.26663733362666375,0.1614353557658041
Star Wars: Episode II - Attack of the Clones,1894.0,5.908695652173913,14.072511,6,9,8,23,Adventure,"Ten years after the invasion of Naboo, the galaxy is on the brink of civil war. Under the leadership of a renegade Jedi named Count Dooku, thousands of solar systems threaten to break away from the Galactic Republic. When an assassination attempt is made on Senator Padmé Amidala, the former Queen of Naboo, twenty-year-old Jedi apprentice Anakin Skywalker is assigned to protect her. In the course of his mission, Anakin discovers his love for Padmé as well as his own darker side. Soon, Anakin, Padmé, and Obi-Wan Kenobi are drawn into the heart of the Separatist movement and the beginning of the Clone Wars.",26.09,39.13,34.78,0.15252808041285815,0.025703765818205673,0.18699813001869986,0.13750423237568016
X-Men Origins: Wolverine,2080.0,5.878260869565217,1.456541,6,9,8,23,Adventure,"Setelah berusaha menjalani kehidupan normal, Logan bertekad membalas kematian pacarnya dengan menjalani program mutan Weapon X dan menjadi Wolverine.",26.09,39.13,34.78,0.14544473302526395,0.0026604057206716775,0.18699813001869986,0.12935388666237627
Léon,101.0,5.5,20.477329,1,1,1,3,Thriller,"Leon, the top hit man in New York, has earned a rep as an effective ""cleaner"". But when his next-door neighbors are wiped out by a loose-cannon DEA agent, he becomes the unwilling custodian of 12-year-old Mathilda. Before long, Mathilda's thoughts turn to revenge, and she considers following in Leon's footsteps.",33.33,33.33,33.33,0.057408844065167,0.03740231357419808,0.26663733362666375,0.11617608483542223
2012,14161.0,5.5,16.698628,1,1,1,3,Action,"Dr. Adrian Helmsley, bagian dari tim geofisika sedunia yang menyelidiki dampak radiasi badai matahari yang belum pernah terjadi sebelumnya terhadap bumi, mengetahui bahwa inti bumi sedang memanas.Ia memperingatkan Presiden AS Thomas Wilson bahwa kerak bumi menjadi tidak stabil dan tanpa persiapan yang tepat untuk menyelamatkan sebagian kecil populasi dunia, seluruh umat manusia akan hancur.Sementara itu, penulis Jackson Curtis menemukan informasi yang sama.Saat para pemimpin dunia berlomba membangun ""bahtera"" untuk menghindari bencana alam yang akan datang, Curtis berjuang menemukan cara untuk menyelamatkan keluarganya.Sementara itu, letusan gunung berapi dan gempa bumi dengan kekuatan yang belum pernah terjadi sebelumnya mendatangkan malapetaka di seluruh dunia.",33.33,33.33,33.33,0.057408844065167,0.030500429070357958,0.26663733362666375,0.11479570793465421
Insurgent,262500.0,5.878260869565217,27.887185999999996,4,11,8,23,Adventure,Beatrice Prior harus menghadapi iblis dalam dirinya dan melanjutkan perjuangannya melawan aliansi kuat yang mengancam akan menghancurkan masyarakatnya.,17.39,47.83,34.78,0.14544473302526395,0.05093658823736174,0.09129908700912993,0.11029941026284332
Star Wars: Episode I - The Phantom Menace,1893.0,5.760869565217392,15.649091,5,9,9,23,Adventure,"Anakin Skywalker, seorang budak muda yang kuat dengan Force, ditemukan di Tatooine.Sementara itu, Sith yang jahat telah kembali, melakukan rencana balas dendam terhadap Jedi.",21.74,39.13,39.13,0.1181232502445444,0.028583425540174744,0.13914860851391486,0.10652289278448161
X-Men: The Last Stand,36668.0,5.712121212121212,0.867943,7,16,10,33,Adventure,"Ketika obat ditemukan untuk mengatasi mutasi, garis muncul di antara X-Men dan The Brotherhood, sekelompok mutan kuat yang diorganisir di bawah mantan sekutu Xavier, Magneto.",21.21,48.48,30.3,0.10677762888779196,0.0015853179020823567,0.13331866681333188,0.09370147806831201
Twilight,8966.0,5.642424242424242,31.282029,5,22,6,33,Adventure,"Ketika Bella Swan pindah ke kota kecil di Pacific Northwest untuk tinggal bersama ayahnya, dia mulai bersekolah dan bertemu dengan Edward Cullen yang penyendiri, teman sekelas misterius yang mengungkapkan dirinya sebagai vampir berusia 108 tahun.Meskipun Edward berulang kali memperingatkan, Bella tetap jatuh cinta padanya, sebuah tindakan fatal yang membahayakan nyawanya sendiri ketika sekelompok pengisap darah mencoba menantang klan Cullen.",15.15,66.67,18.18,0.09055645673178647,0.05713734725340194,0.06665933340666595,0.07670349783857341
Spider-Man 3,559.0,5.615151515151515,27.614265,5,14,14,33,Fantasy,"Spider-Man yang tampaknya tak terkalahkan menghadapi sekelompok penjahat baru – termasuk Sandman yang bisa berubah bentuk.Sementara kekuatan super Spider-Man diubah oleh organisme asing, alter egonya, Peter Parker, berhadapan dengan musuh bebuyutan Eddie Brock dan juga terjebak dalam cinta segitiga.",15.15,42.42,42.42,0.08420904154030628,0.05043809173798999,0.06665933340666595,0.07218993913975093
The Hangover Part II,45243.0,5.659090909090909,21.893532,3,11,8,22,Comedy,"Kru Hangover berangkat ke Thailand untuk menghadiri pernikahan Stu.Setelah bencana pesta bujangan di Las Vegas tahun lalu, Stu bermain aman dengan makan siang pranikah yang lembut.Namun, tidak ada yang berjalan sesuai rencana dan Bangkok adalah tempat yang sempurna untuk petualangan lain bersama kelompok gaduh tersebut.",13.64,50.0,36.36,0.09443543268213572,0.03998904100777694,0.050049499505004966,0.07023037439412474
Terminator Genisys,87101.0,5.53939393939394,30.188198,3,15,15,33,Science Fiction,"Saat itu tahun 2029. John Connor, pemimpin perlawanan melanjutkan perang melawan mesin.Pada serangan Los Angeles, ketakutan John akan masa depan yang tidak diketahui mulai muncul ketika mata-mata TECOM mengungkap plot baru SkyNet yang akan menyerangnya dari kedua sisi;masa lalu dan masa depan, dan pada akhirnya akan mengubah peperangan selamanya.",9.09,45.45,45.45,0.06657733267508315,0.0551394397109105,0.0,0.044316554279723676
Oz: The Great and Powerful,68728.0,5.5,11.137329,4,23,6,33,Fantasy,"Oscar Diggs, seorang ilusionis dan penipu sirkus kecil-kecilan, dibawa dari Kansas ke Negeri Oz di mana penduduknya berasumsi bahwa dia adalah penyihir ramalan yang hebat, di sana untuk menyelamatkan Oz dari cengkeraman kejahatan.",12.12,69.7,18.18,0.057408844065167,0.020342588217291905,0.03332966670333297,0.04277183968704176
2012.0,14161.0,5.253333333333333,16.698628,6,14,10,30,Action,"Dr. Adrian Helmsley, bagian dari tim geofisika sedunia yang menyelidiki dampak radiasi badai matahari yang belum pernah terjadi sebelumnya terhadap bumi, mengetahui bahwa inti bumi sedang memanas.Ia memperingatkan Presiden AS Thomas Wilson bahwa kerak bumi menjadi tidak stabil dan tanpa persiapan yang tepat untuk menyelamatkan sebagian kecil populasi dunia, seluruh umat manusia akan hancur.Sementara itu, penulis Jackson Curtis menemukan informasi yang sama.Saat para pemimpin dunia berlomba membangun ""bahtera"" untuk menghindari bencana alam yang akan datang, Curtis berjuang menemukan cara untuk menyelamatkan keluarganya.Sementara itu, letusan gunung berapi dan gempa bumi dengan kekuatan yang belum pernah terjadi sebelumnya mendatangkan malapetaka di seluruh dunia.",20.0,46.67,33.33,0.0,0.030500429070357958,0.1200087999120009,0.042102725787671866
